dataset,scheduler,label,bucket_id,count,pct,tok_lo,tok_hi
lmsys,tpt-class10-xxx,Classification (#Buckets=10),0,0,0.0,7380,8192
lmsys,tpt-class10-xxx,Classification (#Buckets=10),1,0,0.0,6560,7380
lmsys,tpt-class10-xxx,Classification (#Buckets=10),2,0,0.0,5740,6560
lmsys,tpt-class10-xxx,Classification (#Buckets=10),3,0,0.0,4920,5740
lmsys,tpt-class10-xxx,Classification (#Buckets=10),4,0,0.0,4100,4920
lmsys,tpt-class10-xxx,Classification (#Buckets=10),5,1,0.01,3280,4100
lmsys,tpt-class10-xxx,Classification (#Buckets=10),6,2,0.02,2460,3280
lmsys,tpt-class10-xxx,Classification (#Buckets=10),7,8,0.08,1640,2460
lmsys,tpt-class10-xxx,Classification (#Buckets=10),8,533,5.33,820,1640
lmsys,tpt-class10-xxx,Classification (#Buckets=10),9,9456,94.56,0,820
lmsys,tpt-class82-xxx,Classification (Bucket Size=100),0,0,0.0,8100,8192
lmsys,tpt-class82-xxx,Classification (Bucket Size=100),1,0,0.0,8000,8100
lmsys,tpt-class82-xxx,Classification (Bucket Size=100),2,0,0.0,7900,8000
lmsys,tpt-class82-xxx,Classification (Bucket Size=100),3,0,0.0,7800,7900
lmsys,tpt-class82-xxx,Classification (Bucket Size=100),4,0,0.0,7700,7800
lmsys,tpt-class82-xxx,Classification (Bucket Size=100),5,0,0.0,7600,7700
lmsys,tpt-class82-xxx,Classification (Bucket Size=100),6,0,0.0,7500,7600
lmsys,tpt-class82-xxx,Classification (Bucket Size=100),7,0,0.0,7400,7500
lmsys,tpt-class82-xxx,Classification (Bucket Size=100),8,0,0.0,7300,7400
lmsys,tpt-class82-xxx,Classification (Bucket Size=100),9,0,0.0,7200,7300
lmsys,tpt-class82-xxx,Classification (Bucket Size=100),10,0,0.0,7100,7200
lmsys,tpt-class82-xxx,Classification (Bucket Size=100),11,0,0.0,7000,7100
lmsys,tpt-class82-xxx,Classification (Bucket Size=100),12,0,0.0,6900,7000
lmsys,tpt-class82-xxx,Classification (Bucket Size=100),13,0,0.0,6800,6900
lmsys,tpt-class82-xxx,Classification (Bucket Size=100),14,0,0.0,6700,6800
lmsys,tpt-class82-xxx,Classification (Bucket Size=100),15,0,0.0,6600,6700
lmsys,tpt-class82-xxx,Classification (Bucket Size=100),16,0,0.0,6500,6600
lmsys,tpt-class82-xxx,Classification (Bucket Size=100),17,0,0.0,6400,6500
lmsys,tpt-class82-xxx,Classification (Bucket Size=100),18,0,0.0,6300,6400
lmsys,tpt-class82-xxx,Classification (Bucket Size=100),19,0,0.0,6200,6300
lmsys,tpt-class82-xxx,Classification (Bucket Size=100),20,0,0.0,6100,6200
lmsys,tpt-class82-xxx,Classification (Bucket Size=100),21,0,0.0,6000,6100
lmsys,tpt-class82-xxx,Classification (Bucket Size=100),22,0,0.0,5900,6000
lmsys,tpt-class82-xxx,Classification (Bucket Size=100),23,0,0.0,5800,5900
lmsys,tpt-class82-xxx,Classification (Bucket Size=100),24,0,0.0,5700,5800
lmsys,tpt-class82-xxx,Classification (Bucket Size=100),25,0,0.0,5600,5700
lmsys,tpt-class82-xxx,Classification (Bucket Size=100),26,0,0.0,5500,5600
lmsys,tpt-class82-xxx,Classification (Bucket Size=100),27,0,0.0,5400,5500
lmsys,tpt-class82-xxx,Classification (Bucket Size=100),28,0,0.0,5300,5400
lmsys,tpt-class82-xxx,Classification (Bucket Size=100),29,0,0.0,5200,5300
lmsys,tpt-class82-xxx,Classification (Bucket Size=100),30,0,0.0,5100,5200
lmsys,tpt-class82-xxx,Classification (Bucket Size=100),31,0,0.0,5000,5100
lmsys,tpt-class82-xxx,Classification (Bucket Size=100),32,0,0.0,4900,5000
lmsys,tpt-class82-xxx,Classification (Bucket Size=100),33,0,0.0,4800,4900
lmsys,tpt-class82-xxx,Classification (Bucket Size=100),34,0,0.0,4700,4800
lmsys,tpt-class82-xxx,Classification (Bucket Size=100),35,0,0.0,4600,4700
lmsys,tpt-class82-xxx,Classification (Bucket Size=100),36,0,0.0,4500,4600
lmsys,tpt-class82-xxx,Classification (Bucket Size=100),37,0,0.0,4400,4500
lmsys,tpt-class82-xxx,Classification (Bucket Size=100),38,0,0.0,4300,4400
lmsys,tpt-class82-xxx,Classification (Bucket Size=100),39,0,0.0,4200,4300
lmsys,tpt-class82-xxx,Classification (Bucket Size=100),40,0,0.0,4100,4200
lmsys,tpt-class82-xxx,Classification (Bucket Size=100),41,0,0.0,4000,4100
lmsys,tpt-class82-xxx,Classification (Bucket Size=100),42,0,0.0,3900,4000
lmsys,tpt-class82-xxx,Classification (Bucket Size=100),43,0,0.0,3800,3900
lmsys,tpt-class82-xxx,Classification (Bucket Size=100),44,0,0.0,3700,3800
lmsys,tpt-class82-xxx,Classification (Bucket Size=100),45,0,0.0,3600,3700
lmsys,tpt-class82-xxx,Classification (Bucket Size=100),46,0,0.0,3500,3600
lmsys,tpt-class82-xxx,Classification (Bucket Size=100),47,0,0.0,3400,3500
lmsys,tpt-class82-xxx,Classification (Bucket Size=100),48,1,0.01,3300,3400
lmsys,tpt-class82-xxx,Classification (Bucket Size=100),49,0,0.0,3200,3300
lmsys,tpt-class82-xxx,Classification (Bucket Size=100),50,1,0.01,3100,3200
lmsys,tpt-class82-xxx,Classification (Bucket Size=100),51,1,0.01,3000,3100
lmsys,tpt-class82-xxx,Classification (Bucket Size=100),52,0,0.0,2900,3000
lmsys,tpt-class82-xxx,Classification (Bucket Size=100),53,0,0.0,2800,2900
lmsys,tpt-class82-xxx,Classification (Bucket Size=100),54,0,0.0,2700,2800
lmsys,tpt-class82-xxx,Classification (Bucket Size=100),55,0,0.0,2600,2700
lmsys,tpt-class82-xxx,Classification (Bucket Size=100),56,0,0.0,2500,2600
lmsys,tpt-class82-xxx,Classification (Bucket Size=100),57,0,0.0,2400,2500
lmsys,tpt-class82-xxx,Classification (Bucket Size=100),58,0,0.0,2300,2400
lmsys,tpt-class82-xxx,Classification (Bucket Size=100),59,0,0.0,2200,2300
lmsys,tpt-class82-xxx,Classification (Bucket Size=100),60,0,0.0,2100,2200
lmsys,tpt-class82-xxx,Classification (Bucket Size=100),61,0,0.0,2000,2100
lmsys,tpt-class82-xxx,Classification (Bucket Size=100),62,1,0.01,1900,2000
lmsys,tpt-class82-xxx,Classification (Bucket Size=100),63,0,0.0,1800,1900
lmsys,tpt-class82-xxx,Classification (Bucket Size=100),64,3,0.03,1700,1800
lmsys,tpt-class82-xxx,Classification (Bucket Size=100),65,8,0.08,1600,1700
lmsys,tpt-class82-xxx,Classification (Bucket Size=100),66,9,0.09,1500,1600
lmsys,tpt-class82-xxx,Classification (Bucket Size=100),67,13,0.13,1400,1500
lmsys,tpt-class82-xxx,Classification (Bucket Size=100),68,25,0.25,1300,1400
lmsys,tpt-class82-xxx,Classification (Bucket Size=100),69,41,0.41,1200,1300
lmsys,tpt-class82-xxx,Classification (Bucket Size=100),70,69,0.69,1100,1200
lmsys,tpt-class82-xxx,Classification (Bucket Size=100),71,101,1.01,1000,1100
lmsys,tpt-class82-xxx,Classification (Bucket Size=100),72,120,1.2,900,1000
lmsys,tpt-class82-xxx,Classification (Bucket Size=100),73,187,1.87,800,900
lmsys,tpt-class82-xxx,Classification (Bucket Size=100),74,298,2.98,700,800
lmsys,tpt-class82-xxx,Classification (Bucket Size=100),75,560,5.6,600,700
lmsys,tpt-class82-xxx,Classification (Bucket Size=100),76,784,7.84,500,600
lmsys,tpt-class82-xxx,Classification (Bucket Size=100),77,919,9.19,400,500
lmsys,tpt-class82-xxx,Classification (Bucket Size=100),78,984,9.84,300,400
lmsys,tpt-class82-xxx,Classification (Bucket Size=100),79,996,9.96,200,300
lmsys,tpt-class82-xxx,Classification (Bucket Size=100),80,1089,10.89,100,200
lmsys,tpt-class82-xxx,Classification (Bucket Size=100),81,3790,37.9,0,100
lmsys,tpt-width10-xxx,Classification (Bucket Size=10),0,0,0.0,8190,8192
lmsys,tpt-width10-xxx,Classification (Bucket Size=10),1,0,0.0,8180,8190
lmsys,tpt-width10-xxx,Classification (Bucket Size=10),2,0,0.0,8170,8180
lmsys,tpt-width10-xxx,Classification (Bucket Size=10),3,0,0.0,8160,8170
lmsys,tpt-width10-xxx,Classification (Bucket Size=10),4,0,0.0,8150,8160
lmsys,tpt-width10-xxx,Classification (Bucket Size=10),5,0,0.0,8140,8150
lmsys,tpt-width10-xxx,Classification (Bucket Size=10),6,0,0.0,8130,8140
lmsys,tpt-width10-xxx,Classification (Bucket Size=10),7,0,0.0,8120,8130
lmsys,tpt-width10-xxx,Classification (Bucket Size=10),8,0,0.0,8110,8120
lmsys,tpt-width10-xxx,Classification (Bucket Size=10),9,0,0.0,8100,8110
lmsys,tpt-width10-xxx,Classification (Bucket Size=10),10,0,0.0,8090,8100
lmsys,tpt-width10-xxx,Classification (Bucket Size=10),11,0,0.0,8080,8090
lmsys,tpt-width10-xxx,Classification (Bucket Size=10),12,0,0.0,8070,8080
lmsys,tpt-width10-xxx,Classification (Bucket Size=10),13,0,0.0,8060,8070
lmsys,tpt-width10-xxx,Classification (Bucket Size=10),14,0,0.0,8050,8060
lmsys,tpt-width10-xxx,Classification (Bucket Size=10),15,0,0.0,8040,8050
lmsys,tpt-width10-xxx,Classification (Bucket Size=10),16,0,0.0,8030,8040
lmsys,tpt-width10-xxx,Classification (Bucket Size=10),17,0,0.0,8020,8030
lmsys,tpt-width10-xxx,Classification (Bucket Size=10),18,0,0.0,8010,8020
lmsys,tpt-width10-xxx,Classification (Bucket Size=10),19,0,0.0,8000,8010
lmsys,tpt-width10-xxx,Classification (Bucket Size=10),20,0,0.0,7990,8000
lmsys,tpt-width10-xxx,Classification (Bucket Size=10),21,0,0.0,7980,7990
lmsys,tpt-width10-xxx,Classification (Bucket Size=10),22,0,0.0,7970,7980
lmsys,tpt-width10-xxx,Classification (Bucket Size=10),23,0,0.0,7960,7970
lmsys,tpt-width10-xxx,Classification (Bucket Size=10),24,0,0.0,7950,7960
lmsys,tpt-width10-xxx,Classification (Bucket Size=10),25,0,0.0,7940,7950
lmsys,tpt-width10-xxx,Classification (Bucket Size=10),26,0,0.0,7930,7940
lmsys,tpt-width10-xxx,Classification (Bucket Size=10),27,0,0.0,7920,7930
lmsys,tpt-width10-xxx,Classification (Bucket Size=10),28,0,0.0,7910,7920
lmsys,tpt-width10-xxx,Classification (Bucket Size=10),29,0,0.0,7900,7910
lmsys,tpt-width10-xxx,Classification (Bucket Size=10),30,0,0.0,7890,7900
lmsys,tpt-width10-xxx,Classification (Bucket Size=10),31,0,0.0,7880,7890
lmsys,tpt-width10-xxx,Classification (Bucket Size=10),32,0,0.0,7870,7880
lmsys,tpt-width10-xxx,Classification (Bucket Size=10),33,0,0.0,7860,7870
lmsys,tpt-width10-xxx,Classification (Bucket Size=10),34,0,0.0,7850,7860
lmsys,tpt-width10-xxx,Classification (Bucket Size=10),35,0,0.0,7840,7850
lmsys,tpt-width10-xxx,Classification (Bucket Size=10),36,0,0.0,7830,7840
lmsys,tpt-width10-xxx,Classification (Bucket Size=10),37,0,0.0,7820,7830
lmsys,tpt-width10-xxx,Classification (Bucket Size=10),38,0,0.0,7810,7820
lmsys,tpt-width10-xxx,Classification (Bucket Size=10),39,0,0.0,7800,7810
lmsys,tpt-width10-xxx,Classification (Bucket Size=10),40,0,0.0,7790,7800
lmsys,tpt-width10-xxx,Classification (Bucket Size=10),41,0,0.0,7780,7790
lmsys,tpt-width10-xxx,Classification (Bucket Size=10),42,0,0.0,7770,7780
lmsys,tpt-width10-xxx,Classification (Bucket Size=10),43,0,0.0,7760,7770
lmsys,tpt-width10-xxx,Classification (Bucket Size=10),44,0,0.0,7750,7760
lmsys,tpt-width10-xxx,Classification (Bucket Size=10),45,0,0.0,7740,7750
lmsys,tpt-width10-xxx,Classification (Bucket Size=10),46,0,0.0,7730,7740
lmsys,tpt-width10-xxx,Classification (Bucket Size=10),47,0,0.0,7720,7730
lmsys,tpt-width10-xxx,Classification (Bucket Size=10),48,0,0.0,7710,7720
lmsys,tpt-width10-xxx,Classification (Bucket Size=10),49,0,0.0,7700,7710
lmsys,tpt-width10-xxx,Classification (Bucket Size=10),50,0,0.0,7690,7700
lmsys,tpt-width10-xxx,Classification (Bucket Size=10),51,0,0.0,7680,7690
lmsys,tpt-width10-xxx,Classification (Bucket Size=10),52,0,0.0,7670,7680
lmsys,tpt-width10-xxx,Classification (Bucket Size=10),53,0,0.0,7660,7670
lmsys,tpt-width10-xxx,Classification (Bucket Size=10),54,0,0.0,7650,7660
lmsys,tpt-width10-xxx,Classification (Bucket Size=10),55,0,0.0,7640,7650
lmsys,tpt-width10-xxx,Classification (Bucket Size=10),56,0,0.0,7630,7640
lmsys,tpt-width10-xxx,Classification (Bucket Size=10),57,0,0.0,7620,7630
lmsys,tpt-width10-xxx,Classification (Bucket Size=10),58,0,0.0,7610,7620
lmsys,tpt-width10-xxx,Classification (Bucket Size=10),59,0,0.0,7600,7610
lmsys,tpt-width10-xxx,Classification (Bucket Size=10),60,0,0.0,7590,7600
lmsys,tpt-width10-xxx,Classification (Bucket Size=10),61,0,0.0,7580,7590
lmsys,tpt-width10-xxx,Classification (Bucket Size=10),62,0,0.0,7570,7580
lmsys,tpt-width10-xxx,Classification (Bucket Size=10),63,0,0.0,7560,7570
lmsys,tpt-width10-xxx,Classification (Bucket Size=10),64,0,0.0,7550,7560
lmsys,tpt-width10-xxx,Classification (Bucket Size=10),65,0,0.0,7540,7550
lmsys,tpt-width10-xxx,Classification (Bucket Size=10),66,0,0.0,7530,7540
lmsys,tpt-width10-xxx,Classification (Bucket Size=10),67,0,0.0,7520,7530
lmsys,tpt-width10-xxx,Classification (Bucket Size=10),68,0,0.0,7510,7520
lmsys,tpt-width10-xxx,Classification (Bucket Size=10),69,0,0.0,7500,7510
lmsys,tpt-width10-xxx,Classification (Bucket Size=10),70,0,0.0,7490,7500
lmsys,tpt-width10-xxx,Classification (Bucket Size=10),71,0,0.0,7480,7490
lmsys,tpt-width10-xxx,Classification (Bucket Size=10),72,0,0.0,7470,7480
lmsys,tpt-width10-xxx,Classification (Bucket Size=10),73,0,0.0,7460,7470
lmsys,tpt-width10-xxx,Classification (Bucket Size=10),74,0,0.0,7450,7460
lmsys,tpt-width10-xxx,Classification (Bucket Size=10),75,0,0.0,7440,7450
lmsys,tpt-width10-xxx,Classification (Bucket Size=10),76,0,0.0,7430,7440
lmsys,tpt-width10-xxx,Classification (Bucket Size=10),77,0,0.0,7420,7430
lmsys,tpt-width10-xxx,Classification (Bucket Size=10),78,0,0.0,7410,7420
lmsys,tpt-width10-xxx,Classification (Bucket Size=10),79,0,0.0,7400,7410
lmsys,tpt-width10-xxx,Classification (Bucket Size=10),80,0,0.0,7390,7400
lmsys,tpt-width10-xxx,Classification (Bucket Size=10),81,0,0.0,7380,7390
lmsys,tpt-width10-xxx,Classification (Bucket Size=10),82,0,0.0,7370,7380
lmsys,tpt-width10-xxx,Classification (Bucket Size=10),83,0,0.0,7360,7370
lmsys,tpt-width10-xxx,Classification (Bucket Size=10),84,0,0.0,7350,7360
lmsys,tpt-width10-xxx,Classification (Bucket Size=10),85,0,0.0,7340,7350
lmsys,tpt-width10-xxx,Classification (Bucket Size=10),86,0,0.0,7330,7340
lmsys,tpt-width10-xxx,Classification (Bucket Size=10),87,0,0.0,7320,7330
lmsys,tpt-width10-xxx,Classification (Bucket Size=10),88,0,0.0,7310,7320
lmsys,tpt-width10-xxx,Classification (Bucket Size=10),89,0,0.0,7300,7310
lmsys,tpt-width10-xxx,Classification (Bucket Size=10),90,0,0.0,7290,7300
lmsys,tpt-width10-xxx,Classification (Bucket Size=10),91,0,0.0,7280,7290
lmsys,tpt-width10-xxx,Classification (Bucket Size=10),92,0,0.0,7270,7280
lmsys,tpt-width10-xxx,Classification (Bucket Size=10),93,0,0.0,7260,7270
lmsys,tpt-width10-xxx,Classification (Bucket Size=10),94,0,0.0,7250,7260
lmsys,tpt-width10-xxx,Classification (Bucket Size=10),95,0,0.0,7240,7250
lmsys,tpt-width10-xxx,Classification (Bucket Size=10),96,0,0.0,7230,7240
lmsys,tpt-width10-xxx,Classification (Bucket Size=10),97,0,0.0,7220,7230
lmsys,tpt-width10-xxx,Classification (Bucket Size=10),98,0,0.0,7210,7220
lmsys,tpt-width10-xxx,Classification (Bucket Size=10),99,0,0.0,7200,7210
lmsys,tpt-width10-xxx,Classification (Bucket Size=10),100,0,0.0,7190,7200
lmsys,tpt-width10-xxx,Classification (Bucket Size=10),101,0,0.0,7180,7190
lmsys,tpt-width10-xxx,Classification (Bucket Size=10),102,0,0.0,7170,7180
lmsys,tpt-width10-xxx,Classification (Bucket Size=10),103,0,0.0,7160,7170
lmsys,tpt-width10-xxx,Classification (Bucket Size=10),104,0,0.0,7150,7160
lmsys,tpt-width10-xxx,Classification (Bucket Size=10),105,0,0.0,7140,7150
lmsys,tpt-width10-xxx,Classification (Bucket Size=10),106,0,0.0,7130,7140
lmsys,tpt-width10-xxx,Classification (Bucket Size=10),107,0,0.0,7120,7130
lmsys,tpt-width10-xxx,Classification (Bucket Size=10),108,0,0.0,7110,7120
lmsys,tpt-width10-xxx,Classification (Bucket Size=10),109,0,0.0,7100,7110
lmsys,tpt-width10-xxx,Classification (Bucket Size=10),110,0,0.0,7090,7100
lmsys,tpt-width10-xxx,Classification (Bucket Size=10),111,0,0.0,7080,7090
lmsys,tpt-width10-xxx,Classification (Bucket Size=10),112,0,0.0,7070,7080
lmsys,tpt-width10-xxx,Classification (Bucket Size=10),113,0,0.0,7060,7070
lmsys,tpt-width10-xxx,Classification (Bucket Size=10),114,0,0.0,7050,7060
lmsys,tpt-width10-xxx,Classification (Bucket Size=10),115,0,0.0,7040,7050
lmsys,tpt-width10-xxx,Classification (Bucket Size=10),116,0,0.0,7030,7040
lmsys,tpt-width10-xxx,Classification (Bucket Size=10),117,0,0.0,7020,7030
lmsys,tpt-width10-xxx,Classification (Bucket Size=10),118,0,0.0,7010,7020
lmsys,tpt-width10-xxx,Classification (Bucket Size=10),119,0,0.0,7000,7010
lmsys,tpt-width10-xxx,Classification (Bucket Size=10),120,0,0.0,6990,7000
lmsys,tpt-width10-xxx,Classification (Bucket Size=10),121,0,0.0,6980,6990
lmsys,tpt-width10-xxx,Classification (Bucket Size=10),122,0,0.0,6970,6980
lmsys,tpt-width10-xxx,Classification (Bucket Size=10),123,0,0.0,6960,6970
lmsys,tpt-width10-xxx,Classification (Bucket Size=10),124,0,0.0,6950,6960
lmsys,tpt-width10-xxx,Classification (Bucket Size=10),125,0,0.0,6940,6950
lmsys,tpt-width10-xxx,Classification (Bucket Size=10),126,0,0.0,6930,6940
lmsys,tpt-width10-xxx,Classification (Bucket Size=10),127,0,0.0,6920,6930
lmsys,tpt-width10-xxx,Classification (Bucket Size=10),128,0,0.0,6910,6920
lmsys,tpt-width10-xxx,Classification (Bucket Size=10),129,0,0.0,6900,6910
lmsys,tpt-width10-xxx,Classification (Bucket Size=10),130,0,0.0,6890,6900
lmsys,tpt-width10-xxx,Classification (Bucket Size=10),131,0,0.0,6880,6890
lmsys,tpt-width10-xxx,Classification (Bucket Size=10),132,0,0.0,6870,6880
lmsys,tpt-width10-xxx,Classification (Bucket Size=10),133,0,0.0,6860,6870
lmsys,tpt-width10-xxx,Classification (Bucket Size=10),134,0,0.0,6850,6860
lmsys,tpt-width10-xxx,Classification (Bucket Size=10),135,0,0.0,6840,6850
lmsys,tpt-width10-xxx,Classification (Bucket Size=10),136,0,0.0,6830,6840
lmsys,tpt-width10-xxx,Classification (Bucket Size=10),137,0,0.0,6820,6830
lmsys,tpt-width10-xxx,Classification (Bucket Size=10),138,0,0.0,6810,6820
lmsys,tpt-width10-xxx,Classification (Bucket Size=10),139,0,0.0,6800,6810
lmsys,tpt-width10-xxx,Classification (Bucket Size=10),140,0,0.0,6790,6800
lmsys,tpt-width10-xxx,Classification (Bucket Size=10),141,0,0.0,6780,6790
lmsys,tpt-width10-xxx,Classification (Bucket Size=10),142,0,0.0,6770,6780
lmsys,tpt-width10-xxx,Classification (Bucket Size=10),143,0,0.0,6760,6770
lmsys,tpt-width10-xxx,Classification (Bucket Size=10),144,0,0.0,6750,6760
lmsys,tpt-width10-xxx,Classification (Bucket Size=10),145,0,0.0,6740,6750
lmsys,tpt-width10-xxx,Classification (Bucket Size=10),146,0,0.0,6730,6740
lmsys,tpt-width10-xxx,Classification (Bucket Size=10),147,0,0.0,6720,6730
lmsys,tpt-width10-xxx,Classification (Bucket Size=10),148,0,0.0,6710,6720
lmsys,tpt-width10-xxx,Classification (Bucket Size=10),149,0,0.0,6700,6710
lmsys,tpt-width10-xxx,Classification (Bucket Size=10),150,0,0.0,6690,6700
lmsys,tpt-width10-xxx,Classification (Bucket Size=10),151,0,0.0,6680,6690
lmsys,tpt-width10-xxx,Classification (Bucket Size=10),152,0,0.0,6670,6680
lmsys,tpt-width10-xxx,Classification (Bucket Size=10),153,0,0.0,6660,6670
lmsys,tpt-width10-xxx,Classification (Bucket Size=10),154,0,0.0,6650,6660
lmsys,tpt-width10-xxx,Classification (Bucket Size=10),155,0,0.0,6640,6650
lmsys,tpt-width10-xxx,Classification (Bucket Size=10),156,0,0.0,6630,6640
lmsys,tpt-width10-xxx,Classification (Bucket Size=10),157,0,0.0,6620,6630
lmsys,tpt-width10-xxx,Classification (Bucket Size=10),158,0,0.0,6610,6620
lmsys,tpt-width10-xxx,Classification (Bucket Size=10),159,0,0.0,6600,6610
lmsys,tpt-width10-xxx,Classification (Bucket Size=10),160,0,0.0,6590,6600
lmsys,tpt-width10-xxx,Classification (Bucket Size=10),161,0,0.0,6580,6590
lmsys,tpt-width10-xxx,Classification (Bucket Size=10),162,0,0.0,6570,6580
lmsys,tpt-width10-xxx,Classification (Bucket Size=10),163,0,0.0,6560,6570
lmsys,tpt-width10-xxx,Classification (Bucket Size=10),164,0,0.0,6550,6560
lmsys,tpt-width10-xxx,Classification (Bucket Size=10),165,0,0.0,6540,6550
lmsys,tpt-width10-xxx,Classification (Bucket Size=10),166,0,0.0,6530,6540
lmsys,tpt-width10-xxx,Classification (Bucket Size=10),167,0,0.0,6520,6530
lmsys,tpt-width10-xxx,Classification (Bucket Size=10),168,0,0.0,6510,6520
lmsys,tpt-width10-xxx,Classification (Bucket Size=10),169,0,0.0,6500,6510
lmsys,tpt-width10-xxx,Classification (Bucket Size=10),170,0,0.0,6490,6500
lmsys,tpt-width10-xxx,Classification (Bucket Size=10),171,0,0.0,6480,6490
lmsys,tpt-width10-xxx,Classification (Bucket Size=10),172,0,0.0,6470,6480
lmsys,tpt-width10-xxx,Classification (Bucket Size=10),173,0,0.0,6460,6470
lmsys,tpt-width10-xxx,Classification (Bucket Size=10),174,0,0.0,6450,6460
lmsys,tpt-width10-xxx,Classification (Bucket Size=10),175,0,0.0,6440,6450
lmsys,tpt-width10-xxx,Classification (Bucket Size=10),176,0,0.0,6430,6440
lmsys,tpt-width10-xxx,Classification (Bucket Size=10),177,0,0.0,6420,6430
lmsys,tpt-width10-xxx,Classification (Bucket Size=10),178,0,0.0,6410,6420
lmsys,tpt-width10-xxx,Classification (Bucket Size=10),179,0,0.0,6400,6410
lmsys,tpt-width10-xxx,Classification (Bucket Size=10),180,0,0.0,6390,6400
lmsys,tpt-width10-xxx,Classification (Bucket Size=10),181,0,0.0,6380,6390
lmsys,tpt-width10-xxx,Classification (Bucket Size=10),182,0,0.0,6370,6380
lmsys,tpt-width10-xxx,Classification (Bucket Size=10),183,0,0.0,6360,6370
lmsys,tpt-width10-xxx,Classification (Bucket Size=10),184,0,0.0,6350,6360
lmsys,tpt-width10-xxx,Classification (Bucket Size=10),185,0,0.0,6340,6350
lmsys,tpt-width10-xxx,Classification (Bucket Size=10),186,0,0.0,6330,6340
lmsys,tpt-width10-xxx,Classification (Bucket Size=10),187,0,0.0,6320,6330
lmsys,tpt-width10-xxx,Classification (Bucket Size=10),188,0,0.0,6310,6320
lmsys,tpt-width10-xxx,Classification (Bucket Size=10),189,0,0.0,6300,6310
lmsys,tpt-width10-xxx,Classification (Bucket Size=10),190,0,0.0,6290,6300
lmsys,tpt-width10-xxx,Classification (Bucket Size=10),191,0,0.0,6280,6290
lmsys,tpt-width10-xxx,Classification (Bucket Size=10),192,0,0.0,6270,6280
lmsys,tpt-width10-xxx,Classification (Bucket Size=10),193,0,0.0,6260,6270
lmsys,tpt-width10-xxx,Classification (Bucket Size=10),194,0,0.0,6250,6260
lmsys,tpt-width10-xxx,Classification (Bucket Size=10),195,0,0.0,6240,6250
lmsys,tpt-width10-xxx,Classification (Bucket Size=10),196,0,0.0,6230,6240
lmsys,tpt-width10-xxx,Classification (Bucket Size=10),197,0,0.0,6220,6230
lmsys,tpt-width10-xxx,Classification (Bucket Size=10),198,0,0.0,6210,6220
lmsys,tpt-width10-xxx,Classification (Bucket Size=10),199,0,0.0,6200,6210
lmsys,tpt-width10-xxx,Classification (Bucket Size=10),200,0,0.0,6190,6200
lmsys,tpt-width10-xxx,Classification (Bucket Size=10),201,0,0.0,6180,6190
lmsys,tpt-width10-xxx,Classification (Bucket Size=10),202,0,0.0,6170,6180
lmsys,tpt-width10-xxx,Classification (Bucket Size=10),203,0,0.0,6160,6170
lmsys,tpt-width10-xxx,Classification (Bucket Size=10),204,0,0.0,6150,6160
lmsys,tpt-width10-xxx,Classification (Bucket Size=10),205,0,0.0,6140,6150
lmsys,tpt-width10-xxx,Classification (Bucket Size=10),206,0,0.0,6130,6140
lmsys,tpt-width10-xxx,Classification (Bucket Size=10),207,0,0.0,6120,6130
lmsys,tpt-width10-xxx,Classification (Bucket Size=10),208,0,0.0,6110,6120
lmsys,tpt-width10-xxx,Classification (Bucket Size=10),209,0,0.0,6100,6110
lmsys,tpt-width10-xxx,Classification (Bucket Size=10),210,0,0.0,6090,6100
lmsys,tpt-width10-xxx,Classification (Bucket Size=10),211,0,0.0,6080,6090
lmsys,tpt-width10-xxx,Classification (Bucket Size=10),212,0,0.0,6070,6080
lmsys,tpt-width10-xxx,Classification (Bucket Size=10),213,0,0.0,6060,6070
lmsys,tpt-width10-xxx,Classification (Bucket Size=10),214,0,0.0,6050,6060
lmsys,tpt-width10-xxx,Classification (Bucket Size=10),215,0,0.0,6040,6050
lmsys,tpt-width10-xxx,Classification (Bucket Size=10),216,0,0.0,6030,6040
lmsys,tpt-width10-xxx,Classification (Bucket Size=10),217,0,0.0,6020,6030
lmsys,tpt-width10-xxx,Classification (Bucket Size=10),218,0,0.0,6010,6020
lmsys,tpt-width10-xxx,Classification (Bucket Size=10),219,0,0.0,6000,6010
lmsys,tpt-width10-xxx,Classification (Bucket Size=10),220,0,0.0,5990,6000
lmsys,tpt-width10-xxx,Classification (Bucket Size=10),221,0,0.0,5980,5990
lmsys,tpt-width10-xxx,Classification (Bucket Size=10),222,0,0.0,5970,5980
lmsys,tpt-width10-xxx,Classification (Bucket Size=10),223,0,0.0,5960,5970
lmsys,tpt-width10-xxx,Classification (Bucket Size=10),224,0,0.0,5950,5960
lmsys,tpt-width10-xxx,Classification (Bucket Size=10),225,0,0.0,5940,5950
lmsys,tpt-width10-xxx,Classification (Bucket Size=10),226,0,0.0,5930,5940
lmsys,tpt-width10-xxx,Classification (Bucket Size=10),227,0,0.0,5920,5930
lmsys,tpt-width10-xxx,Classification (Bucket Size=10),228,0,0.0,5910,5920
lmsys,tpt-width10-xxx,Classification (Bucket Size=10),229,0,0.0,5900,5910
lmsys,tpt-width10-xxx,Classification (Bucket Size=10),230,0,0.0,5890,5900
lmsys,tpt-width10-xxx,Classification (Bucket Size=10),231,0,0.0,5880,5890
lmsys,tpt-width10-xxx,Classification (Bucket Size=10),232,0,0.0,5870,5880
lmsys,tpt-width10-xxx,Classification (Bucket Size=10),233,0,0.0,5860,5870
lmsys,tpt-width10-xxx,Classification (Bucket Size=10),234,0,0.0,5850,5860
lmsys,tpt-width10-xxx,Classification (Bucket Size=10),235,0,0.0,5840,5850
lmsys,tpt-width10-xxx,Classification (Bucket Size=10),236,0,0.0,5830,5840
lmsys,tpt-width10-xxx,Classification (Bucket Size=10),237,0,0.0,5820,5830
lmsys,tpt-width10-xxx,Classification (Bucket Size=10),238,0,0.0,5810,5820
lmsys,tpt-width10-xxx,Classification (Bucket Size=10),239,0,0.0,5800,5810
lmsys,tpt-width10-xxx,Classification (Bucket Size=10),240,0,0.0,5790,5800
lmsys,tpt-width10-xxx,Classification (Bucket Size=10),241,0,0.0,5780,5790
lmsys,tpt-width10-xxx,Classification (Bucket Size=10),242,0,0.0,5770,5780
lmsys,tpt-width10-xxx,Classification (Bucket Size=10),243,0,0.0,5760,5770
lmsys,tpt-width10-xxx,Classification (Bucket Size=10),244,0,0.0,5750,5760
lmsys,tpt-width10-xxx,Classification (Bucket Size=10),245,0,0.0,5740,5750
lmsys,tpt-width10-xxx,Classification (Bucket Size=10),246,0,0.0,5730,5740
lmsys,tpt-width10-xxx,Classification (Bucket Size=10),247,0,0.0,5720,5730
lmsys,tpt-width10-xxx,Classification (Bucket Size=10),248,0,0.0,5710,5720
lmsys,tpt-width10-xxx,Classification (Bucket Size=10),249,0,0.0,5700,5710
lmsys,tpt-width10-xxx,Classification (Bucket Size=10),250,0,0.0,5690,5700
lmsys,tpt-width10-xxx,Classification (Bucket Size=10),251,0,0.0,5680,5690
lmsys,tpt-width10-xxx,Classification (Bucket Size=10),252,0,0.0,5670,5680
lmsys,tpt-width10-xxx,Classification (Bucket Size=10),253,0,0.0,5660,5670
lmsys,tpt-width10-xxx,Classification (Bucket Size=10),254,0,0.0,5650,5660
lmsys,tpt-width10-xxx,Classification (Bucket Size=10),255,0,0.0,5640,5650
lmsys,tpt-width10-xxx,Classification (Bucket Size=10),256,0,0.0,5630,5640
lmsys,tpt-width10-xxx,Classification (Bucket Size=10),257,0,0.0,5620,5630
lmsys,tpt-width10-xxx,Classification (Bucket Size=10),258,0,0.0,5610,5620
lmsys,tpt-width10-xxx,Classification (Bucket Size=10),259,0,0.0,5600,5610
lmsys,tpt-width10-xxx,Classification (Bucket Size=10),260,0,0.0,5590,5600
lmsys,tpt-width10-xxx,Classification (Bucket Size=10),261,0,0.0,5580,5590
lmsys,tpt-width10-xxx,Classification (Bucket Size=10),262,0,0.0,5570,5580
lmsys,tpt-width10-xxx,Classification (Bucket Size=10),263,0,0.0,5560,5570
lmsys,tpt-width10-xxx,Classification (Bucket Size=10),264,0,0.0,5550,5560
lmsys,tpt-width10-xxx,Classification (Bucket Size=10),265,0,0.0,5540,5550
lmsys,tpt-width10-xxx,Classification (Bucket Size=10),266,0,0.0,5530,5540
lmsys,tpt-width10-xxx,Classification (Bucket Size=10),267,0,0.0,5520,5530
lmsys,tpt-width10-xxx,Classification (Bucket Size=10),268,0,0.0,5510,5520
lmsys,tpt-width10-xxx,Classification (Bucket Size=10),269,0,0.0,5500,5510
lmsys,tpt-width10-xxx,Classification (Bucket Size=10),270,0,0.0,5490,5500
lmsys,tpt-width10-xxx,Classification (Bucket Size=10),271,0,0.0,5480,5490
lmsys,tpt-width10-xxx,Classification (Bucket Size=10),272,0,0.0,5470,5480
lmsys,tpt-width10-xxx,Classification (Bucket Size=10),273,0,0.0,5460,5470
lmsys,tpt-width10-xxx,Classification (Bucket Size=10),274,0,0.0,5450,5460
lmsys,tpt-width10-xxx,Classification (Bucket Size=10),275,0,0.0,5440,5450
lmsys,tpt-width10-xxx,Classification (Bucket Size=10),276,0,0.0,5430,5440
lmsys,tpt-width10-xxx,Classification (Bucket Size=10),277,0,0.0,5420,5430
lmsys,tpt-width10-xxx,Classification (Bucket Size=10),278,0,0.0,5410,5420
lmsys,tpt-width10-xxx,Classification (Bucket Size=10),279,0,0.0,5400,5410
lmsys,tpt-width10-xxx,Classification (Bucket Size=10),280,0,0.0,5390,5400
lmsys,tpt-width10-xxx,Classification (Bucket Size=10),281,0,0.0,5380,5390
lmsys,tpt-width10-xxx,Classification (Bucket Size=10),282,0,0.0,5370,5380
lmsys,tpt-width10-xxx,Classification (Bucket Size=10),283,0,0.0,5360,5370
lmsys,tpt-width10-xxx,Classification (Bucket Size=10),284,0,0.0,5350,5360
lmsys,tpt-width10-xxx,Classification (Bucket Size=10),285,0,0.0,5340,5350
lmsys,tpt-width10-xxx,Classification (Bucket Size=10),286,0,0.0,5330,5340
lmsys,tpt-width10-xxx,Classification (Bucket Size=10),287,0,0.0,5320,5330
lmsys,tpt-width10-xxx,Classification (Bucket Size=10),288,0,0.0,5310,5320
lmsys,tpt-width10-xxx,Classification (Bucket Size=10),289,0,0.0,5300,5310
lmsys,tpt-width10-xxx,Classification (Bucket Size=10),290,0,0.0,5290,5300
lmsys,tpt-width10-xxx,Classification (Bucket Size=10),291,0,0.0,5280,5290
lmsys,tpt-width10-xxx,Classification (Bucket Size=10),292,0,0.0,5270,5280
lmsys,tpt-width10-xxx,Classification (Bucket Size=10),293,0,0.0,5260,5270
lmsys,tpt-width10-xxx,Classification (Bucket Size=10),294,0,0.0,5250,5260
lmsys,tpt-width10-xxx,Classification (Bucket Size=10),295,0,0.0,5240,5250
lmsys,tpt-width10-xxx,Classification (Bucket Size=10),296,0,0.0,5230,5240
lmsys,tpt-width10-xxx,Classification (Bucket Size=10),297,0,0.0,5220,5230
lmsys,tpt-width10-xxx,Classification (Bucket Size=10),298,0,0.0,5210,5220
lmsys,tpt-width10-xxx,Classification (Bucket Size=10),299,0,0.0,5200,5210
lmsys,tpt-width10-xxx,Classification (Bucket Size=10),300,0,0.0,5190,5200
lmsys,tpt-width10-xxx,Classification (Bucket Size=10),301,0,0.0,5180,5190
lmsys,tpt-width10-xxx,Classification (Bucket Size=10),302,0,0.0,5170,5180
lmsys,tpt-width10-xxx,Classification (Bucket Size=10),303,0,0.0,5160,5170
lmsys,tpt-width10-xxx,Classification (Bucket Size=10),304,0,0.0,5150,5160
lmsys,tpt-width10-xxx,Classification (Bucket Size=10),305,0,0.0,5140,5150
lmsys,tpt-width10-xxx,Classification (Bucket Size=10),306,0,0.0,5130,5140
lmsys,tpt-width10-xxx,Classification (Bucket Size=10),307,0,0.0,5120,5130
lmsys,tpt-width10-xxx,Classification (Bucket Size=10),308,0,0.0,5110,5120
lmsys,tpt-width10-xxx,Classification (Bucket Size=10),309,0,0.0,5100,5110
lmsys,tpt-width10-xxx,Classification (Bucket Size=10),310,0,0.0,5090,5100
lmsys,tpt-width10-xxx,Classification (Bucket Size=10),311,0,0.0,5080,5090
lmsys,tpt-width10-xxx,Classification (Bucket Size=10),312,0,0.0,5070,5080
lmsys,tpt-width10-xxx,Classification (Bucket Size=10),313,0,0.0,5060,5070
lmsys,tpt-width10-xxx,Classification (Bucket Size=10),314,0,0.0,5050,5060
lmsys,tpt-width10-xxx,Classification (Bucket Size=10),315,0,0.0,5040,5050
lmsys,tpt-width10-xxx,Classification (Bucket Size=10),316,0,0.0,5030,5040
lmsys,tpt-width10-xxx,Classification (Bucket Size=10),317,0,0.0,5020,5030
lmsys,tpt-width10-xxx,Classification (Bucket Size=10),318,0,0.0,5010,5020
lmsys,tpt-width10-xxx,Classification (Bucket Size=10),319,0,0.0,5000,5010
lmsys,tpt-width10-xxx,Classification (Bucket Size=10),320,0,0.0,4990,5000
lmsys,tpt-width10-xxx,Classification (Bucket Size=10),321,0,0.0,4980,4990
lmsys,tpt-width10-xxx,Classification (Bucket Size=10),322,0,0.0,4970,4980
lmsys,tpt-width10-xxx,Classification (Bucket Size=10),323,0,0.0,4960,4970
lmsys,tpt-width10-xxx,Classification (Bucket Size=10),324,0,0.0,4950,4960
lmsys,tpt-width10-xxx,Classification (Bucket Size=10),325,0,0.0,4940,4950
lmsys,tpt-width10-xxx,Classification (Bucket Size=10),326,0,0.0,4930,4940
lmsys,tpt-width10-xxx,Classification (Bucket Size=10),327,0,0.0,4920,4930
lmsys,tpt-width10-xxx,Classification (Bucket Size=10),328,0,0.0,4910,4920
lmsys,tpt-width10-xxx,Classification (Bucket Size=10),329,0,0.0,4900,4910
lmsys,tpt-width10-xxx,Classification (Bucket Size=10),330,0,0.0,4890,4900
lmsys,tpt-width10-xxx,Classification (Bucket Size=10),331,0,0.0,4880,4890
lmsys,tpt-width10-xxx,Classification (Bucket Size=10),332,0,0.0,4870,4880
lmsys,tpt-width10-xxx,Classification (Bucket Size=10),333,0,0.0,4860,4870
lmsys,tpt-width10-xxx,Classification (Bucket Size=10),334,0,0.0,4850,4860
lmsys,tpt-width10-xxx,Classification (Bucket Size=10),335,0,0.0,4840,4850
lmsys,tpt-width10-xxx,Classification (Bucket Size=10),336,0,0.0,4830,4840
lmsys,tpt-width10-xxx,Classification (Bucket Size=10),337,0,0.0,4820,4830
lmsys,tpt-width10-xxx,Classification (Bucket Size=10),338,0,0.0,4810,4820
lmsys,tpt-width10-xxx,Classification (Bucket Size=10),339,0,0.0,4800,4810
lmsys,tpt-width10-xxx,Classification (Bucket Size=10),340,0,0.0,4790,4800
lmsys,tpt-width10-xxx,Classification (Bucket Size=10),341,0,0.0,4780,4790
lmsys,tpt-width10-xxx,Classification (Bucket Size=10),342,0,0.0,4770,4780
lmsys,tpt-width10-xxx,Classification (Bucket Size=10),343,0,0.0,4760,4770
lmsys,tpt-width10-xxx,Classification (Bucket Size=10),344,0,0.0,4750,4760
lmsys,tpt-width10-xxx,Classification (Bucket Size=10),345,0,0.0,4740,4750
lmsys,tpt-width10-xxx,Classification (Bucket Size=10),346,0,0.0,4730,4740
lmsys,tpt-width10-xxx,Classification (Bucket Size=10),347,0,0.0,4720,4730
lmsys,tpt-width10-xxx,Classification (Bucket Size=10),348,0,0.0,4710,4720
lmsys,tpt-width10-xxx,Classification (Bucket Size=10),349,0,0.0,4700,4710
lmsys,tpt-width10-xxx,Classification (Bucket Size=10),350,0,0.0,4690,4700
lmsys,tpt-width10-xxx,Classification (Bucket Size=10),351,0,0.0,4680,4690
lmsys,tpt-width10-xxx,Classification (Bucket Size=10),352,0,0.0,4670,4680
lmsys,tpt-width10-xxx,Classification (Bucket Size=10),353,0,0.0,4660,4670
lmsys,tpt-width10-xxx,Classification (Bucket Size=10),354,0,0.0,4650,4660
lmsys,tpt-width10-xxx,Classification (Bucket Size=10),355,0,0.0,4640,4650
lmsys,tpt-width10-xxx,Classification (Bucket Size=10),356,0,0.0,4630,4640
lmsys,tpt-width10-xxx,Classification (Bucket Size=10),357,0,0.0,4620,4630
lmsys,tpt-width10-xxx,Classification (Bucket Size=10),358,0,0.0,4610,4620
lmsys,tpt-width10-xxx,Classification (Bucket Size=10),359,0,0.0,4600,4610
lmsys,tpt-width10-xxx,Classification (Bucket Size=10),360,0,0.0,4590,4600
lmsys,tpt-width10-xxx,Classification (Bucket Size=10),361,0,0.0,4580,4590
lmsys,tpt-width10-xxx,Classification (Bucket Size=10),362,0,0.0,4570,4580
lmsys,tpt-width10-xxx,Classification (Bucket Size=10),363,0,0.0,4560,4570
lmsys,tpt-width10-xxx,Classification (Bucket Size=10),364,0,0.0,4550,4560
lmsys,tpt-width10-xxx,Classification (Bucket Size=10),365,0,0.0,4540,4550
lmsys,tpt-width10-xxx,Classification (Bucket Size=10),366,0,0.0,4530,4540
lmsys,tpt-width10-xxx,Classification (Bucket Size=10),367,0,0.0,4520,4530
lmsys,tpt-width10-xxx,Classification (Bucket Size=10),368,0,0.0,4510,4520
lmsys,tpt-width10-xxx,Classification (Bucket Size=10),369,0,0.0,4500,4510
lmsys,tpt-width10-xxx,Classification (Bucket Size=10),370,0,0.0,4490,4500
lmsys,tpt-width10-xxx,Classification (Bucket Size=10),371,0,0.0,4480,4490
lmsys,tpt-width10-xxx,Classification (Bucket Size=10),372,0,0.0,4470,4480
lmsys,tpt-width10-xxx,Classification (Bucket Size=10),373,0,0.0,4460,4470
lmsys,tpt-width10-xxx,Classification (Bucket Size=10),374,0,0.0,4450,4460
lmsys,tpt-width10-xxx,Classification (Bucket Size=10),375,0,0.0,4440,4450
lmsys,tpt-width10-xxx,Classification (Bucket Size=10),376,0,0.0,4430,4440
lmsys,tpt-width10-xxx,Classification (Bucket Size=10),377,0,0.0,4420,4430
lmsys,tpt-width10-xxx,Classification (Bucket Size=10),378,0,0.0,4410,4420
lmsys,tpt-width10-xxx,Classification (Bucket Size=10),379,0,0.0,4400,4410
lmsys,tpt-width10-xxx,Classification (Bucket Size=10),380,0,0.0,4390,4400
lmsys,tpt-width10-xxx,Classification (Bucket Size=10),381,0,0.0,4380,4390
lmsys,tpt-width10-xxx,Classification (Bucket Size=10),382,0,0.0,4370,4380
lmsys,tpt-width10-xxx,Classification (Bucket Size=10),383,0,0.0,4360,4370
lmsys,tpt-width10-xxx,Classification (Bucket Size=10),384,0,0.0,4350,4360
lmsys,tpt-width10-xxx,Classification (Bucket Size=10),385,0,0.0,4340,4350
lmsys,tpt-width10-xxx,Classification (Bucket Size=10),386,0,0.0,4330,4340
lmsys,tpt-width10-xxx,Classification (Bucket Size=10),387,0,0.0,4320,4330
lmsys,tpt-width10-xxx,Classification (Bucket Size=10),388,0,0.0,4310,4320
lmsys,tpt-width10-xxx,Classification (Bucket Size=10),389,0,0.0,4300,4310
lmsys,tpt-width10-xxx,Classification (Bucket Size=10),390,0,0.0,4290,4300
lmsys,tpt-width10-xxx,Classification (Bucket Size=10),391,0,0.0,4280,4290
lmsys,tpt-width10-xxx,Classification (Bucket Size=10),392,0,0.0,4270,4280
lmsys,tpt-width10-xxx,Classification (Bucket Size=10),393,0,0.0,4260,4270
lmsys,tpt-width10-xxx,Classification (Bucket Size=10),394,0,0.0,4250,4260
lmsys,tpt-width10-xxx,Classification (Bucket Size=10),395,0,0.0,4240,4250
lmsys,tpt-width10-xxx,Classification (Bucket Size=10),396,0,0.0,4230,4240
lmsys,tpt-width10-xxx,Classification (Bucket Size=10),397,0,0.0,4220,4230
lmsys,tpt-width10-xxx,Classification (Bucket Size=10),398,0,0.0,4210,4220
lmsys,tpt-width10-xxx,Classification (Bucket Size=10),399,0,0.0,4200,4210
lmsys,tpt-width10-xxx,Classification (Bucket Size=10),400,0,0.0,4190,4200
lmsys,tpt-width10-xxx,Classification (Bucket Size=10),401,0,0.0,4180,4190
lmsys,tpt-width10-xxx,Classification (Bucket Size=10),402,0,0.0,4170,4180
lmsys,tpt-width10-xxx,Classification (Bucket Size=10),403,0,0.0,4160,4170
lmsys,tpt-width10-xxx,Classification (Bucket Size=10),404,0,0.0,4150,4160
lmsys,tpt-width10-xxx,Classification (Bucket Size=10),405,0,0.0,4140,4150
lmsys,tpt-width10-xxx,Classification (Bucket Size=10),406,0,0.0,4130,4140
lmsys,tpt-width10-xxx,Classification (Bucket Size=10),407,0,0.0,4120,4130
lmsys,tpt-width10-xxx,Classification (Bucket Size=10),408,0,0.0,4110,4120
lmsys,tpt-width10-xxx,Classification (Bucket Size=10),409,0,0.0,4100,4110
lmsys,tpt-width10-xxx,Classification (Bucket Size=10),410,0,0.0,4090,4100
lmsys,tpt-width10-xxx,Classification (Bucket Size=10),411,0,0.0,4080,4090
lmsys,tpt-width10-xxx,Classification (Bucket Size=10),412,0,0.0,4070,4080
lmsys,tpt-width10-xxx,Classification (Bucket Size=10),413,0,0.0,4060,4070
lmsys,tpt-width10-xxx,Classification (Bucket Size=10),414,0,0.0,4050,4060
lmsys,tpt-width10-xxx,Classification (Bucket Size=10),415,0,0.0,4040,4050
lmsys,tpt-width10-xxx,Classification (Bucket Size=10),416,0,0.0,4030,4040
lmsys,tpt-width10-xxx,Classification (Bucket Size=10),417,0,0.0,4020,4030
lmsys,tpt-width10-xxx,Classification (Bucket Size=10),418,0,0.0,4010,4020
lmsys,tpt-width10-xxx,Classification (Bucket Size=10),419,0,0.0,4000,4010
lmsys,tpt-width10-xxx,Classification (Bucket Size=10),420,0,0.0,3990,4000
lmsys,tpt-width10-xxx,Classification (Bucket Size=10),421,0,0.0,3980,3990
lmsys,tpt-width10-xxx,Classification (Bucket Size=10),422,0,0.0,3970,3980
lmsys,tpt-width10-xxx,Classification (Bucket Size=10),423,0,0.0,3960,3970
lmsys,tpt-width10-xxx,Classification (Bucket Size=10),424,0,0.0,3950,3960
lmsys,tpt-width10-xxx,Classification (Bucket Size=10),425,0,0.0,3940,3950
lmsys,tpt-width10-xxx,Classification (Bucket Size=10),426,0,0.0,3930,3940
lmsys,tpt-width10-xxx,Classification (Bucket Size=10),427,0,0.0,3920,3930
lmsys,tpt-width10-xxx,Classification (Bucket Size=10),428,0,0.0,3910,3920
lmsys,tpt-width10-xxx,Classification (Bucket Size=10),429,0,0.0,3900,3910
lmsys,tpt-width10-xxx,Classification (Bucket Size=10),430,0,0.0,3890,3900
lmsys,tpt-width10-xxx,Classification (Bucket Size=10),431,0,0.0,3880,3890
lmsys,tpt-width10-xxx,Classification (Bucket Size=10),432,0,0.0,3870,3880
lmsys,tpt-width10-xxx,Classification (Bucket Size=10),433,0,0.0,3860,3870
lmsys,tpt-width10-xxx,Classification (Bucket Size=10),434,0,0.0,3850,3860
lmsys,tpt-width10-xxx,Classification (Bucket Size=10),435,0,0.0,3840,3850
lmsys,tpt-width10-xxx,Classification (Bucket Size=10),436,0,0.0,3830,3840
lmsys,tpt-width10-xxx,Classification (Bucket Size=10),437,0,0.0,3820,3830
lmsys,tpt-width10-xxx,Classification (Bucket Size=10),438,0,0.0,3810,3820
lmsys,tpt-width10-xxx,Classification (Bucket Size=10),439,0,0.0,3800,3810
lmsys,tpt-width10-xxx,Classification (Bucket Size=10),440,0,0.0,3790,3800
lmsys,tpt-width10-xxx,Classification (Bucket Size=10),441,0,0.0,3780,3790
lmsys,tpt-width10-xxx,Classification (Bucket Size=10),442,0,0.0,3770,3780
lmsys,tpt-width10-xxx,Classification (Bucket Size=10),443,0,0.0,3760,3770
lmsys,tpt-width10-xxx,Classification (Bucket Size=10),444,0,0.0,3750,3760
lmsys,tpt-width10-xxx,Classification (Bucket Size=10),445,0,0.0,3740,3750
lmsys,tpt-width10-xxx,Classification (Bucket Size=10),446,0,0.0,3730,3740
lmsys,tpt-width10-xxx,Classification (Bucket Size=10),447,0,0.0,3720,3730
lmsys,tpt-width10-xxx,Classification (Bucket Size=10),448,0,0.0,3710,3720
lmsys,tpt-width10-xxx,Classification (Bucket Size=10),449,0,0.0,3700,3710
lmsys,tpt-width10-xxx,Classification (Bucket Size=10),450,0,0.0,3690,3700
lmsys,tpt-width10-xxx,Classification (Bucket Size=10),451,0,0.0,3680,3690
lmsys,tpt-width10-xxx,Classification (Bucket Size=10),452,0,0.0,3670,3680
lmsys,tpt-width10-xxx,Classification (Bucket Size=10),453,0,0.0,3660,3670
lmsys,tpt-width10-xxx,Classification (Bucket Size=10),454,0,0.0,3650,3660
lmsys,tpt-width10-xxx,Classification (Bucket Size=10),455,0,0.0,3640,3650
lmsys,tpt-width10-xxx,Classification (Bucket Size=10),456,0,0.0,3630,3640
lmsys,tpt-width10-xxx,Classification (Bucket Size=10),457,0,0.0,3620,3630
lmsys,tpt-width10-xxx,Classification (Bucket Size=10),458,0,0.0,3610,3620
lmsys,tpt-width10-xxx,Classification (Bucket Size=10),459,0,0.0,3600,3610
lmsys,tpt-width10-xxx,Classification (Bucket Size=10),460,0,0.0,3590,3600
lmsys,tpt-width10-xxx,Classification (Bucket Size=10),461,0,0.0,3580,3590
lmsys,tpt-width10-xxx,Classification (Bucket Size=10),462,0,0.0,3570,3580
lmsys,tpt-width10-xxx,Classification (Bucket Size=10),463,0,0.0,3560,3570
lmsys,tpt-width10-xxx,Classification (Bucket Size=10),464,0,0.0,3550,3560
lmsys,tpt-width10-xxx,Classification (Bucket Size=10),465,0,0.0,3540,3550
lmsys,tpt-width10-xxx,Classification (Bucket Size=10),466,0,0.0,3530,3540
lmsys,tpt-width10-xxx,Classification (Bucket Size=10),467,0,0.0,3520,3530
lmsys,tpt-width10-xxx,Classification (Bucket Size=10),468,0,0.0,3510,3520
lmsys,tpt-width10-xxx,Classification (Bucket Size=10),469,0,0.0,3500,3510
lmsys,tpt-width10-xxx,Classification (Bucket Size=10),470,0,0.0,3490,3500
lmsys,tpt-width10-xxx,Classification (Bucket Size=10),471,0,0.0,3480,3490
lmsys,tpt-width10-xxx,Classification (Bucket Size=10),472,0,0.0,3470,3480
lmsys,tpt-width10-xxx,Classification (Bucket Size=10),473,0,0.0,3460,3470
lmsys,tpt-width10-xxx,Classification (Bucket Size=10),474,0,0.0,3450,3460
lmsys,tpt-width10-xxx,Classification (Bucket Size=10),475,0,0.0,3440,3450
lmsys,tpt-width10-xxx,Classification (Bucket Size=10),476,0,0.0,3430,3440
lmsys,tpt-width10-xxx,Classification (Bucket Size=10),477,0,0.0,3420,3430
lmsys,tpt-width10-xxx,Classification (Bucket Size=10),478,0,0.0,3410,3420
lmsys,tpt-width10-xxx,Classification (Bucket Size=10),479,0,0.0,3400,3410
lmsys,tpt-width10-xxx,Classification (Bucket Size=10),480,0,0.0,3390,3400
lmsys,tpt-width10-xxx,Classification (Bucket Size=10),481,0,0.0,3380,3390
lmsys,tpt-width10-xxx,Classification (Bucket Size=10),482,0,0.0,3370,3380
lmsys,tpt-width10-xxx,Classification (Bucket Size=10),483,1,0.01,3360,3370
lmsys,tpt-width10-xxx,Classification (Bucket Size=10),484,0,0.0,3350,3360
lmsys,tpt-width10-xxx,Classification (Bucket Size=10),485,0,0.0,3340,3350
lmsys,tpt-width10-xxx,Classification (Bucket Size=10),486,0,0.0,3330,3340
lmsys,tpt-width10-xxx,Classification (Bucket Size=10),487,0,0.0,3320,3330
lmsys,tpt-width10-xxx,Classification (Bucket Size=10),488,0,0.0,3310,3320
lmsys,tpt-width10-xxx,Classification (Bucket Size=10),489,0,0.0,3300,3310
lmsys,tpt-width10-xxx,Classification (Bucket Size=10),490,0,0.0,3290,3300
lmsys,tpt-width10-xxx,Classification (Bucket Size=10),491,0,0.0,3280,3290
lmsys,tpt-width10-xxx,Classification (Bucket Size=10),492,0,0.0,3270,3280
lmsys,tpt-width10-xxx,Classification (Bucket Size=10),493,0,0.0,3260,3270
lmsys,tpt-width10-xxx,Classification (Bucket Size=10),494,0,0.0,3250,3260
lmsys,tpt-width10-xxx,Classification (Bucket Size=10),495,0,0.0,3240,3250
lmsys,tpt-width10-xxx,Classification (Bucket Size=10),496,0,0.0,3230,3240
lmsys,tpt-width10-xxx,Classification (Bucket Size=10),497,0,0.0,3220,3230
lmsys,tpt-width10-xxx,Classification (Bucket Size=10),498,0,0.0,3210,3220
lmsys,tpt-width10-xxx,Classification (Bucket Size=10),499,0,0.0,3200,3210
lmsys,tpt-width10-xxx,Classification (Bucket Size=10),500,0,0.0,3190,3200
lmsys,tpt-width10-xxx,Classification (Bucket Size=10),501,0,0.0,3180,3190
lmsys,tpt-width10-xxx,Classification (Bucket Size=10),502,0,0.0,3170,3180
lmsys,tpt-width10-xxx,Classification (Bucket Size=10),503,0,0.0,3160,3170
lmsys,tpt-width10-xxx,Classification (Bucket Size=10),504,0,0.0,3150,3160
lmsys,tpt-width10-xxx,Classification (Bucket Size=10),505,0,0.0,3140,3150
lmsys,tpt-width10-xxx,Classification (Bucket Size=10),506,0,0.0,3130,3140
lmsys,tpt-width10-xxx,Classification (Bucket Size=10),507,0,0.0,3120,3130
lmsys,tpt-width10-xxx,Classification (Bucket Size=10),508,1,0.01,3110,3120
lmsys,tpt-width10-xxx,Classification (Bucket Size=10),509,0,0.0,3100,3110
lmsys,tpt-width10-xxx,Classification (Bucket Size=10),510,0,0.0,3090,3100
lmsys,tpt-width10-xxx,Classification (Bucket Size=10),511,0,0.0,3080,3090
lmsys,tpt-width10-xxx,Classification (Bucket Size=10),512,0,0.0,3070,3080
lmsys,tpt-width10-xxx,Classification (Bucket Size=10),513,0,0.0,3060,3070
lmsys,tpt-width10-xxx,Classification (Bucket Size=10),514,0,0.0,3050,3060
lmsys,tpt-width10-xxx,Classification (Bucket Size=10),515,0,0.0,3040,3050
lmsys,tpt-width10-xxx,Classification (Bucket Size=10),516,0,0.0,3030,3040
lmsys,tpt-width10-xxx,Classification (Bucket Size=10),517,0,0.0,3020,3030
lmsys,tpt-width10-xxx,Classification (Bucket Size=10),518,1,0.01,3010,3020
lmsys,tpt-width10-xxx,Classification (Bucket Size=10),519,0,0.0,3000,3010
lmsys,tpt-width10-xxx,Classification (Bucket Size=10),520,0,0.0,2990,3000
lmsys,tpt-width10-xxx,Classification (Bucket Size=10),521,0,0.0,2980,2990
lmsys,tpt-width10-xxx,Classification (Bucket Size=10),522,0,0.0,2970,2980
lmsys,tpt-width10-xxx,Classification (Bucket Size=10),523,0,0.0,2960,2970
lmsys,tpt-width10-xxx,Classification (Bucket Size=10),524,0,0.0,2950,2960
lmsys,tpt-width10-xxx,Classification (Bucket Size=10),525,0,0.0,2940,2950
lmsys,tpt-width10-xxx,Classification (Bucket Size=10),526,0,0.0,2930,2940
lmsys,tpt-width10-xxx,Classification (Bucket Size=10),527,0,0.0,2920,2930
lmsys,tpt-width10-xxx,Classification (Bucket Size=10),528,0,0.0,2910,2920
lmsys,tpt-width10-xxx,Classification (Bucket Size=10),529,0,0.0,2900,2910
lmsys,tpt-width10-xxx,Classification (Bucket Size=10),530,0,0.0,2890,2900
lmsys,tpt-width10-xxx,Classification (Bucket Size=10),531,0,0.0,2880,2890
lmsys,tpt-width10-xxx,Classification (Bucket Size=10),532,0,0.0,2870,2880
lmsys,tpt-width10-xxx,Classification (Bucket Size=10),533,0,0.0,2860,2870
lmsys,tpt-width10-xxx,Classification (Bucket Size=10),534,0,0.0,2850,2860
lmsys,tpt-width10-xxx,Classification (Bucket Size=10),535,0,0.0,2840,2850
lmsys,tpt-width10-xxx,Classification (Bucket Size=10),536,0,0.0,2830,2840
lmsys,tpt-width10-xxx,Classification (Bucket Size=10),537,0,0.0,2820,2830
lmsys,tpt-width10-xxx,Classification (Bucket Size=10),538,0,0.0,2810,2820
lmsys,tpt-width10-xxx,Classification (Bucket Size=10),539,0,0.0,2800,2810
lmsys,tpt-width10-xxx,Classification (Bucket Size=10),540,0,0.0,2790,2800
lmsys,tpt-width10-xxx,Classification (Bucket Size=10),541,0,0.0,2780,2790
lmsys,tpt-width10-xxx,Classification (Bucket Size=10),542,0,0.0,2770,2780
lmsys,tpt-width10-xxx,Classification (Bucket Size=10),543,0,0.0,2760,2770
lmsys,tpt-width10-xxx,Classification (Bucket Size=10),544,0,0.0,2750,2760
lmsys,tpt-width10-xxx,Classification (Bucket Size=10),545,0,0.0,2740,2750
lmsys,tpt-width10-xxx,Classification (Bucket Size=10),546,0,0.0,2730,2740
lmsys,tpt-width10-xxx,Classification (Bucket Size=10),547,0,0.0,2720,2730
lmsys,tpt-width10-xxx,Classification (Bucket Size=10),548,0,0.0,2710,2720
lmsys,tpt-width10-xxx,Classification (Bucket Size=10),549,0,0.0,2700,2710
lmsys,tpt-width10-xxx,Classification (Bucket Size=10),550,0,0.0,2690,2700
lmsys,tpt-width10-xxx,Classification (Bucket Size=10),551,0,0.0,2680,2690
lmsys,tpt-width10-xxx,Classification (Bucket Size=10),552,0,0.0,2670,2680
lmsys,tpt-width10-xxx,Classification (Bucket Size=10),553,0,0.0,2660,2670
lmsys,tpt-width10-xxx,Classification (Bucket Size=10),554,0,0.0,2650,2660
lmsys,tpt-width10-xxx,Classification (Bucket Size=10),555,0,0.0,2640,2650
lmsys,tpt-width10-xxx,Classification (Bucket Size=10),556,0,0.0,2630,2640
lmsys,tpt-width10-xxx,Classification (Bucket Size=10),557,0,0.0,2620,2630
lmsys,tpt-width10-xxx,Classification (Bucket Size=10),558,0,0.0,2610,2620
lmsys,tpt-width10-xxx,Classification (Bucket Size=10),559,0,0.0,2600,2610
lmsys,tpt-width10-xxx,Classification (Bucket Size=10),560,0,0.0,2590,2600
lmsys,tpt-width10-xxx,Classification (Bucket Size=10),561,0,0.0,2580,2590
lmsys,tpt-width10-xxx,Classification (Bucket Size=10),562,0,0.0,2570,2580
lmsys,tpt-width10-xxx,Classification (Bucket Size=10),563,0,0.0,2560,2570
lmsys,tpt-width10-xxx,Classification (Bucket Size=10),564,0,0.0,2550,2560
lmsys,tpt-width10-xxx,Classification (Bucket Size=10),565,0,0.0,2540,2550
lmsys,tpt-width10-xxx,Classification (Bucket Size=10),566,0,0.0,2530,2540
lmsys,tpt-width10-xxx,Classification (Bucket Size=10),567,0,0.0,2520,2530
lmsys,tpt-width10-xxx,Classification (Bucket Size=10),568,0,0.0,2510,2520
lmsys,tpt-width10-xxx,Classification (Bucket Size=10),569,0,0.0,2500,2510
lmsys,tpt-width10-xxx,Classification (Bucket Size=10),570,0,0.0,2490,2500
lmsys,tpt-width10-xxx,Classification (Bucket Size=10),571,0,0.0,2480,2490
lmsys,tpt-width10-xxx,Classification (Bucket Size=10),572,0,0.0,2470,2480
lmsys,tpt-width10-xxx,Classification (Bucket Size=10),573,0,0.0,2460,2470
lmsys,tpt-width10-xxx,Classification (Bucket Size=10),574,0,0.0,2450,2460
lmsys,tpt-width10-xxx,Classification (Bucket Size=10),575,0,0.0,2440,2450
lmsys,tpt-width10-xxx,Classification (Bucket Size=10),576,0,0.0,2430,2440
lmsys,tpt-width10-xxx,Classification (Bucket Size=10),577,0,0.0,2420,2430
lmsys,tpt-width10-xxx,Classification (Bucket Size=10),578,0,0.0,2410,2420
lmsys,tpt-width10-xxx,Classification (Bucket Size=10),579,0,0.0,2400,2410
lmsys,tpt-width10-xxx,Classification (Bucket Size=10),580,0,0.0,2390,2400
lmsys,tpt-width10-xxx,Classification (Bucket Size=10),581,0,0.0,2380,2390
lmsys,tpt-width10-xxx,Classification (Bucket Size=10),582,0,0.0,2370,2380
lmsys,tpt-width10-xxx,Classification (Bucket Size=10),583,0,0.0,2360,2370
lmsys,tpt-width10-xxx,Classification (Bucket Size=10),584,0,0.0,2350,2360
lmsys,tpt-width10-xxx,Classification (Bucket Size=10),585,0,0.0,2340,2350
lmsys,tpt-width10-xxx,Classification (Bucket Size=10),586,0,0.0,2330,2340
lmsys,tpt-width10-xxx,Classification (Bucket Size=10),587,0,0.0,2320,2330
lmsys,tpt-width10-xxx,Classification (Bucket Size=10),588,0,0.0,2310,2320
lmsys,tpt-width10-xxx,Classification (Bucket Size=10),589,0,0.0,2300,2310
lmsys,tpt-width10-xxx,Classification (Bucket Size=10),590,0,0.0,2290,2300
lmsys,tpt-width10-xxx,Classification (Bucket Size=10),591,0,0.0,2280,2290
lmsys,tpt-width10-xxx,Classification (Bucket Size=10),592,0,0.0,2270,2280
lmsys,tpt-width10-xxx,Classification (Bucket Size=10),593,0,0.0,2260,2270
lmsys,tpt-width10-xxx,Classification (Bucket Size=10),594,0,0.0,2250,2260
lmsys,tpt-width10-xxx,Classification (Bucket Size=10),595,0,0.0,2240,2250
lmsys,tpt-width10-xxx,Classification (Bucket Size=10),596,0,0.0,2230,2240
lmsys,tpt-width10-xxx,Classification (Bucket Size=10),597,0,0.0,2220,2230
lmsys,tpt-width10-xxx,Classification (Bucket Size=10),598,0,0.0,2210,2220
lmsys,tpt-width10-xxx,Classification (Bucket Size=10),599,0,0.0,2200,2210
lmsys,tpt-width10-xxx,Classification (Bucket Size=10),600,0,0.0,2190,2200
lmsys,tpt-width10-xxx,Classification (Bucket Size=10),601,0,0.0,2180,2190
lmsys,tpt-width10-xxx,Classification (Bucket Size=10),602,0,0.0,2170,2180
lmsys,tpt-width10-xxx,Classification (Bucket Size=10),603,0,0.0,2160,2170
lmsys,tpt-width10-xxx,Classification (Bucket Size=10),604,0,0.0,2150,2160
lmsys,tpt-width10-xxx,Classification (Bucket Size=10),605,0,0.0,2140,2150
lmsys,tpt-width10-xxx,Classification (Bucket Size=10),606,0,0.0,2130,2140
lmsys,tpt-width10-xxx,Classification (Bucket Size=10),607,0,0.0,2120,2130
lmsys,tpt-width10-xxx,Classification (Bucket Size=10),608,0,0.0,2110,2120
lmsys,tpt-width10-xxx,Classification (Bucket Size=10),609,0,0.0,2100,2110
lmsys,tpt-width10-xxx,Classification (Bucket Size=10),610,0,0.0,2090,2100
lmsys,tpt-width10-xxx,Classification (Bucket Size=10),611,0,0.0,2080,2090
lmsys,tpt-width10-xxx,Classification (Bucket Size=10),612,0,0.0,2070,2080
lmsys,tpt-width10-xxx,Classification (Bucket Size=10),613,0,0.0,2060,2070
lmsys,tpt-width10-xxx,Classification (Bucket Size=10),614,0,0.0,2050,2060
lmsys,tpt-width10-xxx,Classification (Bucket Size=10),615,0,0.0,2040,2050
lmsys,tpt-width10-xxx,Classification (Bucket Size=10),616,0,0.0,2030,2040
lmsys,tpt-width10-xxx,Classification (Bucket Size=10),617,0,0.0,2020,2030
lmsys,tpt-width10-xxx,Classification (Bucket Size=10),618,0,0.0,2010,2020
lmsys,tpt-width10-xxx,Classification (Bucket Size=10),619,0,0.0,2000,2010
lmsys,tpt-width10-xxx,Classification (Bucket Size=10),620,0,0.0,1990,2000
lmsys,tpt-width10-xxx,Classification (Bucket Size=10),621,0,0.0,1980,1990
lmsys,tpt-width10-xxx,Classification (Bucket Size=10),622,1,0.01,1970,1980
lmsys,tpt-width10-xxx,Classification (Bucket Size=10),623,0,0.0,1960,1970
lmsys,tpt-width10-xxx,Classification (Bucket Size=10),624,0,0.0,1950,1960
lmsys,tpt-width10-xxx,Classification (Bucket Size=10),625,0,0.0,1940,1950
lmsys,tpt-width10-xxx,Classification (Bucket Size=10),626,0,0.0,1930,1940
lmsys,tpt-width10-xxx,Classification (Bucket Size=10),627,0,0.0,1920,1930
lmsys,tpt-width10-xxx,Classification (Bucket Size=10),628,0,0.0,1910,1920
lmsys,tpt-width10-xxx,Classification (Bucket Size=10),629,0,0.0,1900,1910
lmsys,tpt-width10-xxx,Classification (Bucket Size=10),630,0,0.0,1890,1900
lmsys,tpt-width10-xxx,Classification (Bucket Size=10),631,0,0.0,1880,1890
lmsys,tpt-width10-xxx,Classification (Bucket Size=10),632,0,0.0,1870,1880
lmsys,tpt-width10-xxx,Classification (Bucket Size=10),633,0,0.0,1860,1870
lmsys,tpt-width10-xxx,Classification (Bucket Size=10),634,0,0.0,1850,1860
lmsys,tpt-width10-xxx,Classification (Bucket Size=10),635,0,0.0,1840,1850
lmsys,tpt-width10-xxx,Classification (Bucket Size=10),636,0,0.0,1830,1840
lmsys,tpt-width10-xxx,Classification (Bucket Size=10),637,0,0.0,1820,1830
lmsys,tpt-width10-xxx,Classification (Bucket Size=10),638,0,0.0,1810,1820
lmsys,tpt-width10-xxx,Classification (Bucket Size=10),639,0,0.0,1800,1810
lmsys,tpt-width10-xxx,Classification (Bucket Size=10),640,0,0.0,1790,1800
lmsys,tpt-width10-xxx,Classification (Bucket Size=10),641,0,0.0,1780,1790
lmsys,tpt-width10-xxx,Classification (Bucket Size=10),642,0,0.0,1770,1780
lmsys,tpt-width10-xxx,Classification (Bucket Size=10),643,0,0.0,1760,1770
lmsys,tpt-width10-xxx,Classification (Bucket Size=10),644,1,0.01,1750,1760
lmsys,tpt-width10-xxx,Classification (Bucket Size=10),645,0,0.0,1740,1750
lmsys,tpt-width10-xxx,Classification (Bucket Size=10),646,0,0.0,1730,1740
lmsys,tpt-width10-xxx,Classification (Bucket Size=10),647,0,0.0,1720,1730
lmsys,tpt-width10-xxx,Classification (Bucket Size=10),648,1,0.01,1710,1720
lmsys,tpt-width10-xxx,Classification (Bucket Size=10),649,1,0.01,1700,1710
lmsys,tpt-width10-xxx,Classification (Bucket Size=10),650,0,0.0,1690,1700
lmsys,tpt-width10-xxx,Classification (Bucket Size=10),651,1,0.01,1680,1690
lmsys,tpt-width10-xxx,Classification (Bucket Size=10),652,0,0.0,1670,1680
lmsys,tpt-width10-xxx,Classification (Bucket Size=10),653,1,0.01,1660,1670
lmsys,tpt-width10-xxx,Classification (Bucket Size=10),654,2,0.02,1650,1660
lmsys,tpt-width10-xxx,Classification (Bucket Size=10),655,0,0.0,1640,1650
lmsys,tpt-width10-xxx,Classification (Bucket Size=10),656,2,0.02,1630,1640
lmsys,tpt-width10-xxx,Classification (Bucket Size=10),657,1,0.01,1620,1630
lmsys,tpt-width10-xxx,Classification (Bucket Size=10),658,1,0.01,1610,1620
lmsys,tpt-width10-xxx,Classification (Bucket Size=10),659,0,0.0,1600,1610
lmsys,tpt-width10-xxx,Classification (Bucket Size=10),660,0,0.0,1590,1600
lmsys,tpt-width10-xxx,Classification (Bucket Size=10),661,0,0.0,1580,1590
lmsys,tpt-width10-xxx,Classification (Bucket Size=10),662,1,0.01,1570,1580
lmsys,tpt-width10-xxx,Classification (Bucket Size=10),663,0,0.0,1560,1570
lmsys,tpt-width10-xxx,Classification (Bucket Size=10),664,2,0.02,1550,1560
lmsys,tpt-width10-xxx,Classification (Bucket Size=10),665,0,0.0,1540,1550
lmsys,tpt-width10-xxx,Classification (Bucket Size=10),666,1,0.01,1530,1540
lmsys,tpt-width10-xxx,Classification (Bucket Size=10),667,0,0.0,1520,1530
lmsys,tpt-width10-xxx,Classification (Bucket Size=10),668,1,0.01,1510,1520
lmsys,tpt-width10-xxx,Classification (Bucket Size=10),669,4,0.04,1500,1510
lmsys,tpt-width10-xxx,Classification (Bucket Size=10),670,1,0.01,1490,1500
lmsys,tpt-width10-xxx,Classification (Bucket Size=10),671,1,0.01,1480,1490
lmsys,tpt-width10-xxx,Classification (Bucket Size=10),672,0,0.0,1470,1480
lmsys,tpt-width10-xxx,Classification (Bucket Size=10),673,1,0.01,1460,1470
lmsys,tpt-width10-xxx,Classification (Bucket Size=10),674,1,0.01,1450,1460
lmsys,tpt-width10-xxx,Classification (Bucket Size=10),675,2,0.02,1440,1450
lmsys,tpt-width10-xxx,Classification (Bucket Size=10),676,0,0.0,1430,1440
lmsys,tpt-width10-xxx,Classification (Bucket Size=10),677,0,0.0,1420,1430
lmsys,tpt-width10-xxx,Classification (Bucket Size=10),678,3,0.03,1410,1420
lmsys,tpt-width10-xxx,Classification (Bucket Size=10),679,4,0.04,1400,1410
lmsys,tpt-width10-xxx,Classification (Bucket Size=10),680,2,0.02,1390,1400
lmsys,tpt-width10-xxx,Classification (Bucket Size=10),681,2,0.02,1380,1390
lmsys,tpt-width10-xxx,Classification (Bucket Size=10),682,1,0.01,1370,1380
lmsys,tpt-width10-xxx,Classification (Bucket Size=10),683,2,0.02,1360,1370
lmsys,tpt-width10-xxx,Classification (Bucket Size=10),684,3,0.03,1350,1360
lmsys,tpt-width10-xxx,Classification (Bucket Size=10),685,4,0.04,1340,1350
lmsys,tpt-width10-xxx,Classification (Bucket Size=10),686,5,0.05,1330,1340
lmsys,tpt-width10-xxx,Classification (Bucket Size=10),687,1,0.01,1320,1330
lmsys,tpt-width10-xxx,Classification (Bucket Size=10),688,2,0.02,1310,1320
lmsys,tpt-width10-xxx,Classification (Bucket Size=10),689,3,0.03,1300,1310
lmsys,tpt-width10-xxx,Classification (Bucket Size=10),690,5,0.05,1290,1300
lmsys,tpt-width10-xxx,Classification (Bucket Size=10),691,1,0.01,1280,1290
lmsys,tpt-width10-xxx,Classification (Bucket Size=10),692,6,0.06,1270,1280
lmsys,tpt-width10-xxx,Classification (Bucket Size=10),693,5,0.05,1260,1270
lmsys,tpt-width10-xxx,Classification (Bucket Size=10),694,4,0.04,1250,1260
lmsys,tpt-width10-xxx,Classification (Bucket Size=10),695,2,0.02,1240,1250
lmsys,tpt-width10-xxx,Classification (Bucket Size=10),696,6,0.06,1230,1240
lmsys,tpt-width10-xxx,Classification (Bucket Size=10),697,5,0.05,1220,1230
lmsys,tpt-width10-xxx,Classification (Bucket Size=10),698,4,0.04,1210,1220
lmsys,tpt-width10-xxx,Classification (Bucket Size=10),699,3,0.03,1200,1210
lmsys,tpt-width10-xxx,Classification (Bucket Size=10),700,6,0.06,1190,1200
lmsys,tpt-width10-xxx,Classification (Bucket Size=10),701,8,0.08,1180,1190
lmsys,tpt-width10-xxx,Classification (Bucket Size=10),702,5,0.05,1170,1180
lmsys,tpt-width10-xxx,Classification (Bucket Size=10),703,10,0.1,1160,1170
lmsys,tpt-width10-xxx,Classification (Bucket Size=10),704,6,0.06,1150,1160
lmsys,tpt-width10-xxx,Classification (Bucket Size=10),705,4,0.04,1140,1150
lmsys,tpt-width10-xxx,Classification (Bucket Size=10),706,6,0.06,1130,1140
lmsys,tpt-width10-xxx,Classification (Bucket Size=10),707,9,0.09,1120,1130
lmsys,tpt-width10-xxx,Classification (Bucket Size=10),708,5,0.05,1110,1120
lmsys,tpt-width10-xxx,Classification (Bucket Size=10),709,10,0.1,1100,1110
lmsys,tpt-width10-xxx,Classification (Bucket Size=10),710,7,0.07,1090,1100
lmsys,tpt-width10-xxx,Classification (Bucket Size=10),711,13,0.13,1080,1090
lmsys,tpt-width10-xxx,Classification (Bucket Size=10),712,15,0.15,1070,1080
lmsys,tpt-width10-xxx,Classification (Bucket Size=10),713,8,0.08,1060,1070
lmsys,tpt-width10-xxx,Classification (Bucket Size=10),714,11,0.11,1050,1060
lmsys,tpt-width10-xxx,Classification (Bucket Size=10),715,3,0.03,1040,1050
lmsys,tpt-width10-xxx,Classification (Bucket Size=10),716,6,0.06,1030,1040
lmsys,tpt-width10-xxx,Classification (Bucket Size=10),717,15,0.15,1020,1030
lmsys,tpt-width10-xxx,Classification (Bucket Size=10),718,14,0.14,1010,1020
lmsys,tpt-width10-xxx,Classification (Bucket Size=10),719,9,0.09,1000,1010
lmsys,tpt-width10-xxx,Classification (Bucket Size=10),720,13,0.13,990,1000
lmsys,tpt-width10-xxx,Classification (Bucket Size=10),721,11,0.11,980,990
lmsys,tpt-width10-xxx,Classification (Bucket Size=10),722,11,0.11,970,980
lmsys,tpt-width10-xxx,Classification (Bucket Size=10),723,14,0.14,960,970
lmsys,tpt-width10-xxx,Classification (Bucket Size=10),724,12,0.12,950,960
lmsys,tpt-width10-xxx,Classification (Bucket Size=10),725,6,0.06,940,950
lmsys,tpt-width10-xxx,Classification (Bucket Size=10),726,10,0.1,930,940
lmsys,tpt-width10-xxx,Classification (Bucket Size=10),727,16,0.16,920,930
lmsys,tpt-width10-xxx,Classification (Bucket Size=10),728,13,0.13,910,920
lmsys,tpt-width10-xxx,Classification (Bucket Size=10),729,14,0.14,900,910
lmsys,tpt-width10-xxx,Classification (Bucket Size=10),730,10,0.1,890,900
lmsys,tpt-width10-xxx,Classification (Bucket Size=10),731,21,0.21,880,890
lmsys,tpt-width10-xxx,Classification (Bucket Size=10),732,20,0.2,870,880
lmsys,tpt-width10-xxx,Classification (Bucket Size=10),733,14,0.14,860,870
lmsys,tpt-width10-xxx,Classification (Bucket Size=10),734,19,0.19,850,860
lmsys,tpt-width10-xxx,Classification (Bucket Size=10),735,16,0.16,840,850
lmsys,tpt-width10-xxx,Classification (Bucket Size=10),736,22,0.22,830,840
lmsys,tpt-width10-xxx,Classification (Bucket Size=10),737,29,0.29,820,830
lmsys,tpt-width10-xxx,Classification (Bucket Size=10),738,11,0.11,810,820
lmsys,tpt-width10-xxx,Classification (Bucket Size=10),739,25,0.25,800,810
lmsys,tpt-width10-xxx,Classification (Bucket Size=10),740,24,0.24,790,800
lmsys,tpt-width10-xxx,Classification (Bucket Size=10),741,25,0.25,780,790
lmsys,tpt-width10-xxx,Classification (Bucket Size=10),742,22,0.22,770,780
lmsys,tpt-width10-xxx,Classification (Bucket Size=10),743,27,0.27,760,770
lmsys,tpt-width10-xxx,Classification (Bucket Size=10),744,29,0.29,750,760
lmsys,tpt-width10-xxx,Classification (Bucket Size=10),745,29,0.29,740,750
lmsys,tpt-width10-xxx,Classification (Bucket Size=10),746,34,0.34,730,740
lmsys,tpt-width10-xxx,Classification (Bucket Size=10),747,41,0.41,720,730
lmsys,tpt-width10-xxx,Classification (Bucket Size=10),748,38,0.38,710,720
lmsys,tpt-width10-xxx,Classification (Bucket Size=10),749,29,0.29,700,710
lmsys,tpt-width10-xxx,Classification (Bucket Size=10),750,32,0.32,690,700
lmsys,tpt-width10-xxx,Classification (Bucket Size=10),751,58,0.58,680,690
lmsys,tpt-width10-xxx,Classification (Bucket Size=10),752,35,0.35,670,680
lmsys,tpt-width10-xxx,Classification (Bucket Size=10),753,49,0.49,660,670
lmsys,tpt-width10-xxx,Classification (Bucket Size=10),754,68,0.68,650,660
lmsys,tpt-width10-xxx,Classification (Bucket Size=10),755,62,0.62,640,650
lmsys,tpt-width10-xxx,Classification (Bucket Size=10),756,68,0.68,630,640
lmsys,tpt-width10-xxx,Classification (Bucket Size=10),757,58,0.58,620,630
lmsys,tpt-width10-xxx,Classification (Bucket Size=10),758,69,0.69,610,620
lmsys,tpt-width10-xxx,Classification (Bucket Size=10),759,61,0.61,600,610
lmsys,tpt-width10-xxx,Classification (Bucket Size=10),760,72,0.72,590,600
lmsys,tpt-width10-xxx,Classification (Bucket Size=10),761,73,0.73,580,590
lmsys,tpt-width10-xxx,Classification (Bucket Size=10),762,74,0.74,570,580
lmsys,tpt-width10-xxx,Classification (Bucket Size=10),763,76,0.76,560,570
lmsys,tpt-width10-xxx,Classification (Bucket Size=10),764,85,0.85,550,560
lmsys,tpt-width10-xxx,Classification (Bucket Size=10),765,72,0.72,540,550
lmsys,tpt-width10-xxx,Classification (Bucket Size=10),766,73,0.73,530,540
lmsys,tpt-width10-xxx,Classification (Bucket Size=10),767,90,0.9,520,530
lmsys,tpt-width10-xxx,Classification (Bucket Size=10),768,83,0.83,510,520
lmsys,tpt-width10-xxx,Classification (Bucket Size=10),769,86,0.86,500,510
lmsys,tpt-width10-xxx,Classification (Bucket Size=10),770,79,0.79,490,500
lmsys,tpt-width10-xxx,Classification (Bucket Size=10),771,95,0.95,480,490
lmsys,tpt-width10-xxx,Classification (Bucket Size=10),772,79,0.79,470,480
lmsys,tpt-width10-xxx,Classification (Bucket Size=10),773,86,0.86,460,470
lmsys,tpt-width10-xxx,Classification (Bucket Size=10),774,86,0.86,450,460
lmsys,tpt-width10-xxx,Classification (Bucket Size=10),775,96,0.96,440,450
lmsys,tpt-width10-xxx,Classification (Bucket Size=10),776,96,0.96,430,440
lmsys,tpt-width10-xxx,Classification (Bucket Size=10),777,105,1.05,420,430
lmsys,tpt-width10-xxx,Classification (Bucket Size=10),778,106,1.06,410,420
lmsys,tpt-width10-xxx,Classification (Bucket Size=10),779,91,0.91,400,410
lmsys,tpt-width10-xxx,Classification (Bucket Size=10),780,81,0.81,390,400
lmsys,tpt-width10-xxx,Classification (Bucket Size=10),781,116,1.16,380,390
lmsys,tpt-width10-xxx,Classification (Bucket Size=10),782,109,1.09,370,380
lmsys,tpt-width10-xxx,Classification (Bucket Size=10),783,109,1.09,360,370
lmsys,tpt-width10-xxx,Classification (Bucket Size=10),784,99,0.99,350,360
lmsys,tpt-width10-xxx,Classification (Bucket Size=10),785,95,0.95,340,350
lmsys,tpt-width10-xxx,Classification (Bucket Size=10),786,87,0.87,330,340
lmsys,tpt-width10-xxx,Classification (Bucket Size=10),787,96,0.96,320,330
lmsys,tpt-width10-xxx,Classification (Bucket Size=10),788,92,0.92,310,320
lmsys,tpt-width10-xxx,Classification (Bucket Size=10),789,100,1.0,300,310
lmsys,tpt-width10-xxx,Classification (Bucket Size=10),790,106,1.06,290,300
lmsys,tpt-width10-xxx,Classification (Bucket Size=10),791,105,1.05,280,290
lmsys,tpt-width10-xxx,Classification (Bucket Size=10),792,94,0.94,270,280
lmsys,tpt-width10-xxx,Classification (Bucket Size=10),793,109,1.09,260,270
lmsys,tpt-width10-xxx,Classification (Bucket Size=10),794,103,1.03,250,260
lmsys,tpt-width10-xxx,Classification (Bucket Size=10),795,93,0.93,240,250
lmsys,tpt-width10-xxx,Classification (Bucket Size=10),796,95,0.95,230,240
lmsys,tpt-width10-xxx,Classification (Bucket Size=10),797,107,1.07,220,230
lmsys,tpt-width10-xxx,Classification (Bucket Size=10),798,84,0.84,210,220
lmsys,tpt-width10-xxx,Classification (Bucket Size=10),799,100,1.0,200,210
lmsys,tpt-width10-xxx,Classification (Bucket Size=10),800,93,0.93,190,200
lmsys,tpt-width10-xxx,Classification (Bucket Size=10),801,119,1.19,180,190
lmsys,tpt-width10-xxx,Classification (Bucket Size=10),802,102,1.02,170,180
lmsys,tpt-width10-xxx,Classification (Bucket Size=10),803,99,0.99,160,170
lmsys,tpt-width10-xxx,Classification (Bucket Size=10),804,96,0.96,150,160
lmsys,tpt-width10-xxx,Classification (Bucket Size=10),805,106,1.06,140,150
lmsys,tpt-width10-xxx,Classification (Bucket Size=10),806,116,1.16,130,140
lmsys,tpt-width10-xxx,Classification (Bucket Size=10),807,109,1.09,120,130
lmsys,tpt-width10-xxx,Classification (Bucket Size=10),808,126,1.26,110,120
lmsys,tpt-width10-xxx,Classification (Bucket Size=10),809,123,1.23,100,110
lmsys,tpt-width10-xxx,Classification (Bucket Size=10),810,165,1.65,90,100
lmsys,tpt-width10-xxx,Classification (Bucket Size=10),811,165,1.65,80,90
lmsys,tpt-width10-xxx,Classification (Bucket Size=10),812,199,1.99,70,80
lmsys,tpt-width10-xxx,Classification (Bucket Size=10),813,232,2.32,60,70
lmsys,tpt-width10-xxx,Classification (Bucket Size=10),814,251,2.51,50,60
lmsys,tpt-width10-xxx,Classification (Bucket Size=10),815,271,2.71,40,50
lmsys,tpt-width10-xxx,Classification (Bucket Size=10),816,349,3.49,30,40
lmsys,tpt-width10-xxx,Classification (Bucket Size=10),817,1028,10.28,20,30
lmsys,tpt-width10-xxx,Classification (Bucket Size=10),818,558,5.58,10,20
lmsys,tpt-width10-xxx,Classification (Bucket Size=10),819,572,5.72,0,10
lmsys,tpt-pctl10-xxx,"Classification (Percentile, CE)",0,999,9.99,670,3364
lmsys,tpt-pctl10-xxx,"Classification (Percentile, CE)",1,989,9.89,525,670
lmsys,tpt-pctl10-xxx,"Classification (Percentile, CE)",2,1006,10.06,415,525
lmsys,tpt-pctl10-xxx,"Classification (Percentile, CE)",3,997,9.97,313,415
lmsys,tpt-pctl10-xxx,"Classification (Percentile, CE)",4,1001,10.01,214,313
lmsys,tpt-pctl10-xxx,"Classification (Percentile, CE)",5,1006,10.06,116,214
lmsys,tpt-pctl10-xxx,"Classification (Percentile, CE)",6,999,9.99,58,116
lmsys,tpt-pctl10-xxx,"Classification (Percentile, CE)",7,982,9.82,26,58
lmsys,tpt-pctl10-xxx,"Classification (Percentile, CE)",8,983,9.83,18,26
lmsys,tpt-pctl10-xxx,"Classification (Percentile, CE)",9,1038,10.38,0,18
lmsys,tpt-pctl10-mse-xxx,"Classification (Percentile, MSE)",0,999,9.99,670,3364
lmsys,tpt-pctl10-mse-xxx,"Classification (Percentile, MSE)",1,989,9.89,525,670
lmsys,tpt-pctl10-mse-xxx,"Classification (Percentile, MSE)",2,1006,10.06,415,525
lmsys,tpt-pctl10-mse-xxx,"Classification (Percentile, MSE)",3,997,9.97,313,415
lmsys,tpt-pctl10-mse-xxx,"Classification (Percentile, MSE)",4,1001,10.01,214,313
lmsys,tpt-pctl10-mse-xxx,"Classification (Percentile, MSE)",5,1006,10.06,116,214
lmsys,tpt-pctl10-mse-xxx,"Classification (Percentile, MSE)",6,999,9.99,58,116
lmsys,tpt-pctl10-mse-xxx,"Classification (Percentile, MSE)",7,982,9.82,26,58
lmsys,tpt-pctl10-mse-xxx,"Classification (Percentile, MSE)",8,983,9.83,18,26
lmsys,tpt-pctl10-mse-xxx,"Classification (Percentile, MSE)",9,1038,10.38,0,18
sharegpt,tpt-class10-xxx,Classification (#Buckets=10),0,0,0.0,7380,8192
sharegpt,tpt-class10-xxx,Classification (#Buckets=10),1,0,0.0,6560,7380
sharegpt,tpt-class10-xxx,Classification (#Buckets=10),2,0,0.0,5740,6560
sharegpt,tpt-class10-xxx,Classification (#Buckets=10),3,0,0.0,4920,5740
sharegpt,tpt-class10-xxx,Classification (#Buckets=10),4,0,0.0,4100,4920
sharegpt,tpt-class10-xxx,Classification (#Buckets=10),5,0,0.0,3280,4100
sharegpt,tpt-class10-xxx,Classification (#Buckets=10),6,5,0.05,2460,3280
sharegpt,tpt-class10-xxx,Classification (#Buckets=10),7,28,0.28,1640,2460
sharegpt,tpt-class10-xxx,Classification (#Buckets=10),8,648,6.48,820,1640
sharegpt,tpt-class10-xxx,Classification (#Buckets=10),9,9319,93.19,0,820
sharegpt,tpt-class82-xxx,Classification (Bucket Size=100),0,0,0.0,8100,8192
sharegpt,tpt-class82-xxx,Classification (Bucket Size=100),1,0,0.0,8000,8100
sharegpt,tpt-class82-xxx,Classification (Bucket Size=100),2,0,0.0,7900,8000
sharegpt,tpt-class82-xxx,Classification (Bucket Size=100),3,0,0.0,7800,7900
sharegpt,tpt-class82-xxx,Classification (Bucket Size=100),4,0,0.0,7700,7800
sharegpt,tpt-class82-xxx,Classification (Bucket Size=100),5,0,0.0,7600,7700
sharegpt,tpt-class82-xxx,Classification (Bucket Size=100),6,0,0.0,7500,7600
sharegpt,tpt-class82-xxx,Classification (Bucket Size=100),7,0,0.0,7400,7500
sharegpt,tpt-class82-xxx,Classification (Bucket Size=100),8,0,0.0,7300,7400
sharegpt,tpt-class82-xxx,Classification (Bucket Size=100),9,0,0.0,7200,7300
sharegpt,tpt-class82-xxx,Classification (Bucket Size=100),10,0,0.0,7100,7200
sharegpt,tpt-class82-xxx,Classification (Bucket Size=100),11,0,0.0,7000,7100
sharegpt,tpt-class82-xxx,Classification (Bucket Size=100),12,0,0.0,6900,7000
sharegpt,tpt-class82-xxx,Classification (Bucket Size=100),13,0,0.0,6800,6900
sharegpt,tpt-class82-xxx,Classification (Bucket Size=100),14,0,0.0,6700,6800
sharegpt,tpt-class82-xxx,Classification (Bucket Size=100),15,0,0.0,6600,6700
sharegpt,tpt-class82-xxx,Classification (Bucket Size=100),16,0,0.0,6500,6600
sharegpt,tpt-class82-xxx,Classification (Bucket Size=100),17,0,0.0,6400,6500
sharegpt,tpt-class82-xxx,Classification (Bucket Size=100),18,0,0.0,6300,6400
sharegpt,tpt-class82-xxx,Classification (Bucket Size=100),19,0,0.0,6200,6300
sharegpt,tpt-class82-xxx,Classification (Bucket Size=100),20,0,0.0,6100,6200
sharegpt,tpt-class82-xxx,Classification (Bucket Size=100),21,0,0.0,6000,6100
sharegpt,tpt-class82-xxx,Classification (Bucket Size=100),22,0,0.0,5900,6000
sharegpt,tpt-class82-xxx,Classification (Bucket Size=100),23,0,0.0,5800,5900
sharegpt,tpt-class82-xxx,Classification (Bucket Size=100),24,0,0.0,5700,5800
sharegpt,tpt-class82-xxx,Classification (Bucket Size=100),25,0,0.0,5600,5700
sharegpt,tpt-class82-xxx,Classification (Bucket Size=100),26,0,0.0,5500,5600
sharegpt,tpt-class82-xxx,Classification (Bucket Size=100),27,0,0.0,5400,5500
sharegpt,tpt-class82-xxx,Classification (Bucket Size=100),28,0,0.0,5300,5400
sharegpt,tpt-class82-xxx,Classification (Bucket Size=100),29,0,0.0,5200,5300
sharegpt,tpt-class82-xxx,Classification (Bucket Size=100),30,0,0.0,5100,5200
sharegpt,tpt-class82-xxx,Classification (Bucket Size=100),31,0,0.0,5000,5100
sharegpt,tpt-class82-xxx,Classification (Bucket Size=100),32,0,0.0,4900,5000
sharegpt,tpt-class82-xxx,Classification (Bucket Size=100),33,0,0.0,4800,4900
sharegpt,tpt-class82-xxx,Classification (Bucket Size=100),34,0,0.0,4700,4800
sharegpt,tpt-class82-xxx,Classification (Bucket Size=100),35,0,0.0,4600,4700
sharegpt,tpt-class82-xxx,Classification (Bucket Size=100),36,0,0.0,4500,4600
sharegpt,tpt-class82-xxx,Classification (Bucket Size=100),37,0,0.0,4400,4500
sharegpt,tpt-class82-xxx,Classification (Bucket Size=100),38,0,0.0,4300,4400
sharegpt,tpt-class82-xxx,Classification (Bucket Size=100),39,0,0.0,4200,4300
sharegpt,tpt-class82-xxx,Classification (Bucket Size=100),40,0,0.0,4100,4200
sharegpt,tpt-class82-xxx,Classification (Bucket Size=100),41,0,0.0,4000,4100
sharegpt,tpt-class82-xxx,Classification (Bucket Size=100),42,0,0.0,3900,4000
sharegpt,tpt-class82-xxx,Classification (Bucket Size=100),43,0,0.0,3800,3900
sharegpt,tpt-class82-xxx,Classification (Bucket Size=100),44,0,0.0,3700,3800
sharegpt,tpt-class82-xxx,Classification (Bucket Size=100),45,0,0.0,3600,3700
sharegpt,tpt-class82-xxx,Classification (Bucket Size=100),46,0,0.0,3500,3600
sharegpt,tpt-class82-xxx,Classification (Bucket Size=100),47,0,0.0,3400,3500
sharegpt,tpt-class82-xxx,Classification (Bucket Size=100),48,0,0.0,3300,3400
sharegpt,tpt-class82-xxx,Classification (Bucket Size=100),49,1,0.01,3200,3300
sharegpt,tpt-class82-xxx,Classification (Bucket Size=100),50,0,0.0,3100,3200
sharegpt,tpt-class82-xxx,Classification (Bucket Size=100),51,1,0.01,3000,3100
sharegpt,tpt-class82-xxx,Classification (Bucket Size=100),52,0,0.0,2900,3000
sharegpt,tpt-class82-xxx,Classification (Bucket Size=100),53,0,0.0,2800,2900
sharegpt,tpt-class82-xxx,Classification (Bucket Size=100),54,1,0.01,2700,2800
sharegpt,tpt-class82-xxx,Classification (Bucket Size=100),55,1,0.01,2600,2700
sharegpt,tpt-class82-xxx,Classification (Bucket Size=100),56,1,0.01,2500,2600
sharegpt,tpt-class82-xxx,Classification (Bucket Size=100),57,1,0.01,2400,2500
sharegpt,tpt-class82-xxx,Classification (Bucket Size=100),58,1,0.01,2300,2400
sharegpt,tpt-class82-xxx,Classification (Bucket Size=100),59,1,0.01,2200,2300
sharegpt,tpt-class82-xxx,Classification (Bucket Size=100),60,2,0.02,2100,2200
sharegpt,tpt-class82-xxx,Classification (Bucket Size=100),61,4,0.04,2000,2100
sharegpt,tpt-class82-xxx,Classification (Bucket Size=100),62,4,0.04,1900,2000
sharegpt,tpt-class82-xxx,Classification (Bucket Size=100),63,6,0.06,1800,1900
sharegpt,tpt-class82-xxx,Classification (Bucket Size=100),64,5,0.05,1700,1800
sharegpt,tpt-class82-xxx,Classification (Bucket Size=100),65,7,0.07,1600,1700
sharegpt,tpt-class82-xxx,Classification (Bucket Size=100),66,12,0.12,1500,1600
sharegpt,tpt-class82-xxx,Classification (Bucket Size=100),67,15,0.15,1400,1500
sharegpt,tpt-class82-xxx,Classification (Bucket Size=100),68,20,0.2,1300,1400
sharegpt,tpt-class82-xxx,Classification (Bucket Size=100),69,36,0.36,1200,1300
sharegpt,tpt-class82-xxx,Classification (Bucket Size=100),70,62,0.62,1100,1200
sharegpt,tpt-class82-xxx,Classification (Bucket Size=100),71,94,0.94,1000,1100
sharegpt,tpt-class82-xxx,Classification (Bucket Size=100),72,182,1.82,900,1000
sharegpt,tpt-class82-xxx,Classification (Bucket Size=100),73,294,2.94,800,900
sharegpt,tpt-class82-xxx,Classification (Bucket Size=100),74,471,4.71,700,800
sharegpt,tpt-class82-xxx,Classification (Bucket Size=100),75,832,8.32,600,700
sharegpt,tpt-class82-xxx,Classification (Bucket Size=100),76,1175,11.75,500,600
sharegpt,tpt-class82-xxx,Classification (Bucket Size=100),77,1477,14.77,400,500
sharegpt,tpt-class82-xxx,Classification (Bucket Size=100),78,1798,17.98,300,400
sharegpt,tpt-class82-xxx,Classification (Bucket Size=100),79,1719,17.19,200,300
sharegpt,tpt-class82-xxx,Classification (Bucket Size=100),80,879,8.79,100,200
sharegpt,tpt-class82-xxx,Classification (Bucket Size=100),81,898,8.98,0,100
sharegpt,tpt-width10-xxx,Classification (Bucket Size=10),0,0,0.0,8190,8192
sharegpt,tpt-width10-xxx,Classification (Bucket Size=10),1,0,0.0,8180,8190
sharegpt,tpt-width10-xxx,Classification (Bucket Size=10),2,0,0.0,8170,8180
sharegpt,tpt-width10-xxx,Classification (Bucket Size=10),3,0,0.0,8160,8170
sharegpt,tpt-width10-xxx,Classification (Bucket Size=10),4,0,0.0,8150,8160
sharegpt,tpt-width10-xxx,Classification (Bucket Size=10),5,0,0.0,8140,8150
sharegpt,tpt-width10-xxx,Classification (Bucket Size=10),6,0,0.0,8130,8140
sharegpt,tpt-width10-xxx,Classification (Bucket Size=10),7,0,0.0,8120,8130
sharegpt,tpt-width10-xxx,Classification (Bucket Size=10),8,0,0.0,8110,8120
sharegpt,tpt-width10-xxx,Classification (Bucket Size=10),9,0,0.0,8100,8110
sharegpt,tpt-width10-xxx,Classification (Bucket Size=10),10,0,0.0,8090,8100
sharegpt,tpt-width10-xxx,Classification (Bucket Size=10),11,0,0.0,8080,8090
sharegpt,tpt-width10-xxx,Classification (Bucket Size=10),12,0,0.0,8070,8080
sharegpt,tpt-width10-xxx,Classification (Bucket Size=10),13,0,0.0,8060,8070
sharegpt,tpt-width10-xxx,Classification (Bucket Size=10),14,0,0.0,8050,8060
sharegpt,tpt-width10-xxx,Classification (Bucket Size=10),15,0,0.0,8040,8050
sharegpt,tpt-width10-xxx,Classification (Bucket Size=10),16,0,0.0,8030,8040
sharegpt,tpt-width10-xxx,Classification (Bucket Size=10),17,0,0.0,8020,8030
sharegpt,tpt-width10-xxx,Classification (Bucket Size=10),18,0,0.0,8010,8020
sharegpt,tpt-width10-xxx,Classification (Bucket Size=10),19,0,0.0,8000,8010
sharegpt,tpt-width10-xxx,Classification (Bucket Size=10),20,0,0.0,7990,8000
sharegpt,tpt-width10-xxx,Classification (Bucket Size=10),21,0,0.0,7980,7990
sharegpt,tpt-width10-xxx,Classification (Bucket Size=10),22,0,0.0,7970,7980
sharegpt,tpt-width10-xxx,Classification (Bucket Size=10),23,0,0.0,7960,7970
sharegpt,tpt-width10-xxx,Classification (Bucket Size=10),24,0,0.0,7950,7960
sharegpt,tpt-width10-xxx,Classification (Bucket Size=10),25,0,0.0,7940,7950
sharegpt,tpt-width10-xxx,Classification (Bucket Size=10),26,0,0.0,7930,7940
sharegpt,tpt-width10-xxx,Classification (Bucket Size=10),27,0,0.0,7920,7930
sharegpt,tpt-width10-xxx,Classification (Bucket Size=10),28,0,0.0,7910,7920
sharegpt,tpt-width10-xxx,Classification (Bucket Size=10),29,0,0.0,7900,7910
sharegpt,tpt-width10-xxx,Classification (Bucket Size=10),30,0,0.0,7890,7900
sharegpt,tpt-width10-xxx,Classification (Bucket Size=10),31,0,0.0,7880,7890
sharegpt,tpt-width10-xxx,Classification (Bucket Size=10),32,0,0.0,7870,7880
sharegpt,tpt-width10-xxx,Classification (Bucket Size=10),33,0,0.0,7860,7870
sharegpt,tpt-width10-xxx,Classification (Bucket Size=10),34,0,0.0,7850,7860
sharegpt,tpt-width10-xxx,Classification (Bucket Size=10),35,0,0.0,7840,7850
sharegpt,tpt-width10-xxx,Classification (Bucket Size=10),36,0,0.0,7830,7840
sharegpt,tpt-width10-xxx,Classification (Bucket Size=10),37,0,0.0,7820,7830
sharegpt,tpt-width10-xxx,Classification (Bucket Size=10),38,0,0.0,7810,7820
sharegpt,tpt-width10-xxx,Classification (Bucket Size=10),39,0,0.0,7800,7810
sharegpt,tpt-width10-xxx,Classification (Bucket Size=10),40,0,0.0,7790,7800
sharegpt,tpt-width10-xxx,Classification (Bucket Size=10),41,0,0.0,7780,7790
sharegpt,tpt-width10-xxx,Classification (Bucket Size=10),42,0,0.0,7770,7780
sharegpt,tpt-width10-xxx,Classification (Bucket Size=10),43,0,0.0,7760,7770
sharegpt,tpt-width10-xxx,Classification (Bucket Size=10),44,0,0.0,7750,7760
sharegpt,tpt-width10-xxx,Classification (Bucket Size=10),45,0,0.0,7740,7750
sharegpt,tpt-width10-xxx,Classification (Bucket Size=10),46,0,0.0,7730,7740
sharegpt,tpt-width10-xxx,Classification (Bucket Size=10),47,0,0.0,7720,7730
sharegpt,tpt-width10-xxx,Classification (Bucket Size=10),48,0,0.0,7710,7720
sharegpt,tpt-width10-xxx,Classification (Bucket Size=10),49,0,0.0,7700,7710
sharegpt,tpt-width10-xxx,Classification (Bucket Size=10),50,0,0.0,7690,7700
sharegpt,tpt-width10-xxx,Classification (Bucket Size=10),51,0,0.0,7680,7690
sharegpt,tpt-width10-xxx,Classification (Bucket Size=10),52,0,0.0,7670,7680
sharegpt,tpt-width10-xxx,Classification (Bucket Size=10),53,0,0.0,7660,7670
sharegpt,tpt-width10-xxx,Classification (Bucket Size=10),54,0,0.0,7650,7660
sharegpt,tpt-width10-xxx,Classification (Bucket Size=10),55,0,0.0,7640,7650
sharegpt,tpt-width10-xxx,Classification (Bucket Size=10),56,0,0.0,7630,7640
sharegpt,tpt-width10-xxx,Classification (Bucket Size=10),57,0,0.0,7620,7630
sharegpt,tpt-width10-xxx,Classification (Bucket Size=10),58,0,0.0,7610,7620
sharegpt,tpt-width10-xxx,Classification (Bucket Size=10),59,0,0.0,7600,7610
sharegpt,tpt-width10-xxx,Classification (Bucket Size=10),60,0,0.0,7590,7600
sharegpt,tpt-width10-xxx,Classification (Bucket Size=10),61,0,0.0,7580,7590
sharegpt,tpt-width10-xxx,Classification (Bucket Size=10),62,0,0.0,7570,7580
sharegpt,tpt-width10-xxx,Classification (Bucket Size=10),63,0,0.0,7560,7570
sharegpt,tpt-width10-xxx,Classification (Bucket Size=10),64,0,0.0,7550,7560
sharegpt,tpt-width10-xxx,Classification (Bucket Size=10),65,0,0.0,7540,7550
sharegpt,tpt-width10-xxx,Classification (Bucket Size=10),66,0,0.0,7530,7540
sharegpt,tpt-width10-xxx,Classification (Bucket Size=10),67,0,0.0,7520,7530
sharegpt,tpt-width10-xxx,Classification (Bucket Size=10),68,0,0.0,7510,7520
sharegpt,tpt-width10-xxx,Classification (Bucket Size=10),69,0,0.0,7500,7510
sharegpt,tpt-width10-xxx,Classification (Bucket Size=10),70,0,0.0,7490,7500
sharegpt,tpt-width10-xxx,Classification (Bucket Size=10),71,0,0.0,7480,7490
sharegpt,tpt-width10-xxx,Classification (Bucket Size=10),72,0,0.0,7470,7480
sharegpt,tpt-width10-xxx,Classification (Bucket Size=10),73,0,0.0,7460,7470
sharegpt,tpt-width10-xxx,Classification (Bucket Size=10),74,0,0.0,7450,7460
sharegpt,tpt-width10-xxx,Classification (Bucket Size=10),75,0,0.0,7440,7450
sharegpt,tpt-width10-xxx,Classification (Bucket Size=10),76,0,0.0,7430,7440
sharegpt,tpt-width10-xxx,Classification (Bucket Size=10),77,0,0.0,7420,7430
sharegpt,tpt-width10-xxx,Classification (Bucket Size=10),78,0,0.0,7410,7420
sharegpt,tpt-width10-xxx,Classification (Bucket Size=10),79,0,0.0,7400,7410
sharegpt,tpt-width10-xxx,Classification (Bucket Size=10),80,0,0.0,7390,7400
sharegpt,tpt-width10-xxx,Classification (Bucket Size=10),81,0,0.0,7380,7390
sharegpt,tpt-width10-xxx,Classification (Bucket Size=10),82,0,0.0,7370,7380
sharegpt,tpt-width10-xxx,Classification (Bucket Size=10),83,0,0.0,7360,7370
sharegpt,tpt-width10-xxx,Classification (Bucket Size=10),84,0,0.0,7350,7360
sharegpt,tpt-width10-xxx,Classification (Bucket Size=10),85,0,0.0,7340,7350
sharegpt,tpt-width10-xxx,Classification (Bucket Size=10),86,0,0.0,7330,7340
sharegpt,tpt-width10-xxx,Classification (Bucket Size=10),87,0,0.0,7320,7330
sharegpt,tpt-width10-xxx,Classification (Bucket Size=10),88,0,0.0,7310,7320
sharegpt,tpt-width10-xxx,Classification (Bucket Size=10),89,0,0.0,7300,7310
sharegpt,tpt-width10-xxx,Classification (Bucket Size=10),90,0,0.0,7290,7300
sharegpt,tpt-width10-xxx,Classification (Bucket Size=10),91,0,0.0,7280,7290
sharegpt,tpt-width10-xxx,Classification (Bucket Size=10),92,0,0.0,7270,7280
sharegpt,tpt-width10-xxx,Classification (Bucket Size=10),93,0,0.0,7260,7270
sharegpt,tpt-width10-xxx,Classification (Bucket Size=10),94,0,0.0,7250,7260
sharegpt,tpt-width10-xxx,Classification (Bucket Size=10),95,0,0.0,7240,7250
sharegpt,tpt-width10-xxx,Classification (Bucket Size=10),96,0,0.0,7230,7240
sharegpt,tpt-width10-xxx,Classification (Bucket Size=10),97,0,0.0,7220,7230
sharegpt,tpt-width10-xxx,Classification (Bucket Size=10),98,0,0.0,7210,7220
sharegpt,tpt-width10-xxx,Classification (Bucket Size=10),99,0,0.0,7200,7210
sharegpt,tpt-width10-xxx,Classification (Bucket Size=10),100,0,0.0,7190,7200
sharegpt,tpt-width10-xxx,Classification (Bucket Size=10),101,0,0.0,7180,7190
sharegpt,tpt-width10-xxx,Classification (Bucket Size=10),102,0,0.0,7170,7180
sharegpt,tpt-width10-xxx,Classification (Bucket Size=10),103,0,0.0,7160,7170
sharegpt,tpt-width10-xxx,Classification (Bucket Size=10),104,0,0.0,7150,7160
sharegpt,tpt-width10-xxx,Classification (Bucket Size=10),105,0,0.0,7140,7150
sharegpt,tpt-width10-xxx,Classification (Bucket Size=10),106,0,0.0,7130,7140
sharegpt,tpt-width10-xxx,Classification (Bucket Size=10),107,0,0.0,7120,7130
sharegpt,tpt-width10-xxx,Classification (Bucket Size=10),108,0,0.0,7110,7120
sharegpt,tpt-width10-xxx,Classification (Bucket Size=10),109,0,0.0,7100,7110
sharegpt,tpt-width10-xxx,Classification (Bucket Size=10),110,0,0.0,7090,7100
sharegpt,tpt-width10-xxx,Classification (Bucket Size=10),111,0,0.0,7080,7090
sharegpt,tpt-width10-xxx,Classification (Bucket Size=10),112,0,0.0,7070,7080
sharegpt,tpt-width10-xxx,Classification (Bucket Size=10),113,0,0.0,7060,7070
sharegpt,tpt-width10-xxx,Classification (Bucket Size=10),114,0,0.0,7050,7060
sharegpt,tpt-width10-xxx,Classification (Bucket Size=10),115,0,0.0,7040,7050
sharegpt,tpt-width10-xxx,Classification (Bucket Size=10),116,0,0.0,7030,7040
sharegpt,tpt-width10-xxx,Classification (Bucket Size=10),117,0,0.0,7020,7030
sharegpt,tpt-width10-xxx,Classification (Bucket Size=10),118,0,0.0,7010,7020
sharegpt,tpt-width10-xxx,Classification (Bucket Size=10),119,0,0.0,7000,7010
sharegpt,tpt-width10-xxx,Classification (Bucket Size=10),120,0,0.0,6990,7000
sharegpt,tpt-width10-xxx,Classification (Bucket Size=10),121,0,0.0,6980,6990
sharegpt,tpt-width10-xxx,Classification (Bucket Size=10),122,0,0.0,6970,6980
sharegpt,tpt-width10-xxx,Classification (Bucket Size=10),123,0,0.0,6960,6970
sharegpt,tpt-width10-xxx,Classification (Bucket Size=10),124,0,0.0,6950,6960
sharegpt,tpt-width10-xxx,Classification (Bucket Size=10),125,0,0.0,6940,6950
sharegpt,tpt-width10-xxx,Classification (Bucket Size=10),126,0,0.0,6930,6940
sharegpt,tpt-width10-xxx,Classification (Bucket Size=10),127,0,0.0,6920,6930
sharegpt,tpt-width10-xxx,Classification (Bucket Size=10),128,0,0.0,6910,6920
sharegpt,tpt-width10-xxx,Classification (Bucket Size=10),129,0,0.0,6900,6910
sharegpt,tpt-width10-xxx,Classification (Bucket Size=10),130,0,0.0,6890,6900
sharegpt,tpt-width10-xxx,Classification (Bucket Size=10),131,0,0.0,6880,6890
sharegpt,tpt-width10-xxx,Classification (Bucket Size=10),132,0,0.0,6870,6880
sharegpt,tpt-width10-xxx,Classification (Bucket Size=10),133,0,0.0,6860,6870
sharegpt,tpt-width10-xxx,Classification (Bucket Size=10),134,0,0.0,6850,6860
sharegpt,tpt-width10-xxx,Classification (Bucket Size=10),135,0,0.0,6840,6850
sharegpt,tpt-width10-xxx,Classification (Bucket Size=10),136,0,0.0,6830,6840
sharegpt,tpt-width10-xxx,Classification (Bucket Size=10),137,0,0.0,6820,6830
sharegpt,tpt-width10-xxx,Classification (Bucket Size=10),138,0,0.0,6810,6820
sharegpt,tpt-width10-xxx,Classification (Bucket Size=10),139,0,0.0,6800,6810
sharegpt,tpt-width10-xxx,Classification (Bucket Size=10),140,0,0.0,6790,6800
sharegpt,tpt-width10-xxx,Classification (Bucket Size=10),141,0,0.0,6780,6790
sharegpt,tpt-width10-xxx,Classification (Bucket Size=10),142,0,0.0,6770,6780
sharegpt,tpt-width10-xxx,Classification (Bucket Size=10),143,0,0.0,6760,6770
sharegpt,tpt-width10-xxx,Classification (Bucket Size=10),144,0,0.0,6750,6760
sharegpt,tpt-width10-xxx,Classification (Bucket Size=10),145,0,0.0,6740,6750
sharegpt,tpt-width10-xxx,Classification (Bucket Size=10),146,0,0.0,6730,6740
sharegpt,tpt-width10-xxx,Classification (Bucket Size=10),147,0,0.0,6720,6730
sharegpt,tpt-width10-xxx,Classification (Bucket Size=10),148,0,0.0,6710,6720
sharegpt,tpt-width10-xxx,Classification (Bucket Size=10),149,0,0.0,6700,6710
sharegpt,tpt-width10-xxx,Classification (Bucket Size=10),150,0,0.0,6690,6700
sharegpt,tpt-width10-xxx,Classification (Bucket Size=10),151,0,0.0,6680,6690
sharegpt,tpt-width10-xxx,Classification (Bucket Size=10),152,0,0.0,6670,6680
sharegpt,tpt-width10-xxx,Classification (Bucket Size=10),153,0,0.0,6660,6670
sharegpt,tpt-width10-xxx,Classification (Bucket Size=10),154,0,0.0,6650,6660
sharegpt,tpt-width10-xxx,Classification (Bucket Size=10),155,0,0.0,6640,6650
sharegpt,tpt-width10-xxx,Classification (Bucket Size=10),156,0,0.0,6630,6640
sharegpt,tpt-width10-xxx,Classification (Bucket Size=10),157,0,0.0,6620,6630
sharegpt,tpt-width10-xxx,Classification (Bucket Size=10),158,0,0.0,6610,6620
sharegpt,tpt-width10-xxx,Classification (Bucket Size=10),159,0,0.0,6600,6610
sharegpt,tpt-width10-xxx,Classification (Bucket Size=10),160,0,0.0,6590,6600
sharegpt,tpt-width10-xxx,Classification (Bucket Size=10),161,0,0.0,6580,6590
sharegpt,tpt-width10-xxx,Classification (Bucket Size=10),162,0,0.0,6570,6580
sharegpt,tpt-width10-xxx,Classification (Bucket Size=10),163,0,0.0,6560,6570
sharegpt,tpt-width10-xxx,Classification (Bucket Size=10),164,0,0.0,6550,6560
sharegpt,tpt-width10-xxx,Classification (Bucket Size=10),165,0,0.0,6540,6550
sharegpt,tpt-width10-xxx,Classification (Bucket Size=10),166,0,0.0,6530,6540
sharegpt,tpt-width10-xxx,Classification (Bucket Size=10),167,0,0.0,6520,6530
sharegpt,tpt-width10-xxx,Classification (Bucket Size=10),168,0,0.0,6510,6520
sharegpt,tpt-width10-xxx,Classification (Bucket Size=10),169,0,0.0,6500,6510
sharegpt,tpt-width10-xxx,Classification (Bucket Size=10),170,0,0.0,6490,6500
sharegpt,tpt-width10-xxx,Classification (Bucket Size=10),171,0,0.0,6480,6490
sharegpt,tpt-width10-xxx,Classification (Bucket Size=10),172,0,0.0,6470,6480
sharegpt,tpt-width10-xxx,Classification (Bucket Size=10),173,0,0.0,6460,6470
sharegpt,tpt-width10-xxx,Classification (Bucket Size=10),174,0,0.0,6450,6460
sharegpt,tpt-width10-xxx,Classification (Bucket Size=10),175,0,0.0,6440,6450
sharegpt,tpt-width10-xxx,Classification (Bucket Size=10),176,0,0.0,6430,6440
sharegpt,tpt-width10-xxx,Classification (Bucket Size=10),177,0,0.0,6420,6430
sharegpt,tpt-width10-xxx,Classification (Bucket Size=10),178,0,0.0,6410,6420
sharegpt,tpt-width10-xxx,Classification (Bucket Size=10),179,0,0.0,6400,6410
sharegpt,tpt-width10-xxx,Classification (Bucket Size=10),180,0,0.0,6390,6400
sharegpt,tpt-width10-xxx,Classification (Bucket Size=10),181,0,0.0,6380,6390
sharegpt,tpt-width10-xxx,Classification (Bucket Size=10),182,0,0.0,6370,6380
sharegpt,tpt-width10-xxx,Classification (Bucket Size=10),183,0,0.0,6360,6370
sharegpt,tpt-width10-xxx,Classification (Bucket Size=10),184,0,0.0,6350,6360
sharegpt,tpt-width10-xxx,Classification (Bucket Size=10),185,0,0.0,6340,6350
sharegpt,tpt-width10-xxx,Classification (Bucket Size=10),186,0,0.0,6330,6340
sharegpt,tpt-width10-xxx,Classification (Bucket Size=10),187,0,0.0,6320,6330
sharegpt,tpt-width10-xxx,Classification (Bucket Size=10),188,0,0.0,6310,6320
sharegpt,tpt-width10-xxx,Classification (Bucket Size=10),189,0,0.0,6300,6310
sharegpt,tpt-width10-xxx,Classification (Bucket Size=10),190,0,0.0,6290,6300
sharegpt,tpt-width10-xxx,Classification (Bucket Size=10),191,0,0.0,6280,6290
sharegpt,tpt-width10-xxx,Classification (Bucket Size=10),192,0,0.0,6270,6280
sharegpt,tpt-width10-xxx,Classification (Bucket Size=10),193,0,0.0,6260,6270
sharegpt,tpt-width10-xxx,Classification (Bucket Size=10),194,0,0.0,6250,6260
sharegpt,tpt-width10-xxx,Classification (Bucket Size=10),195,0,0.0,6240,6250
sharegpt,tpt-width10-xxx,Classification (Bucket Size=10),196,0,0.0,6230,6240
sharegpt,tpt-width10-xxx,Classification (Bucket Size=10),197,0,0.0,6220,6230
sharegpt,tpt-width10-xxx,Classification (Bucket Size=10),198,0,0.0,6210,6220
sharegpt,tpt-width10-xxx,Classification (Bucket Size=10),199,0,0.0,6200,6210
sharegpt,tpt-width10-xxx,Classification (Bucket Size=10),200,0,0.0,6190,6200
sharegpt,tpt-width10-xxx,Classification (Bucket Size=10),201,0,0.0,6180,6190
sharegpt,tpt-width10-xxx,Classification (Bucket Size=10),202,0,0.0,6170,6180
sharegpt,tpt-width10-xxx,Classification (Bucket Size=10),203,0,0.0,6160,6170
sharegpt,tpt-width10-xxx,Classification (Bucket Size=10),204,0,0.0,6150,6160
sharegpt,tpt-width10-xxx,Classification (Bucket Size=10),205,0,0.0,6140,6150
sharegpt,tpt-width10-xxx,Classification (Bucket Size=10),206,0,0.0,6130,6140
sharegpt,tpt-width10-xxx,Classification (Bucket Size=10),207,0,0.0,6120,6130
sharegpt,tpt-width10-xxx,Classification (Bucket Size=10),208,0,0.0,6110,6120
sharegpt,tpt-width10-xxx,Classification (Bucket Size=10),209,0,0.0,6100,6110
sharegpt,tpt-width10-xxx,Classification (Bucket Size=10),210,0,0.0,6090,6100
sharegpt,tpt-width10-xxx,Classification (Bucket Size=10),211,0,0.0,6080,6090
sharegpt,tpt-width10-xxx,Classification (Bucket Size=10),212,0,0.0,6070,6080
sharegpt,tpt-width10-xxx,Classification (Bucket Size=10),213,0,0.0,6060,6070
sharegpt,tpt-width10-xxx,Classification (Bucket Size=10),214,0,0.0,6050,6060
sharegpt,tpt-width10-xxx,Classification (Bucket Size=10),215,0,0.0,6040,6050
sharegpt,tpt-width10-xxx,Classification (Bucket Size=10),216,0,0.0,6030,6040
sharegpt,tpt-width10-xxx,Classification (Bucket Size=10),217,0,0.0,6020,6030
sharegpt,tpt-width10-xxx,Classification (Bucket Size=10),218,0,0.0,6010,6020
sharegpt,tpt-width10-xxx,Classification (Bucket Size=10),219,0,0.0,6000,6010
sharegpt,tpt-width10-xxx,Classification (Bucket Size=10),220,0,0.0,5990,6000
sharegpt,tpt-width10-xxx,Classification (Bucket Size=10),221,0,0.0,5980,5990
sharegpt,tpt-width10-xxx,Classification (Bucket Size=10),222,0,0.0,5970,5980
sharegpt,tpt-width10-xxx,Classification (Bucket Size=10),223,0,0.0,5960,5970
sharegpt,tpt-width10-xxx,Classification (Bucket Size=10),224,0,0.0,5950,5960
sharegpt,tpt-width10-xxx,Classification (Bucket Size=10),225,0,0.0,5940,5950
sharegpt,tpt-width10-xxx,Classification (Bucket Size=10),226,0,0.0,5930,5940
sharegpt,tpt-width10-xxx,Classification (Bucket Size=10),227,0,0.0,5920,5930
sharegpt,tpt-width10-xxx,Classification (Bucket Size=10),228,0,0.0,5910,5920
sharegpt,tpt-width10-xxx,Classification (Bucket Size=10),229,0,0.0,5900,5910
sharegpt,tpt-width10-xxx,Classification (Bucket Size=10),230,0,0.0,5890,5900
sharegpt,tpt-width10-xxx,Classification (Bucket Size=10),231,0,0.0,5880,5890
sharegpt,tpt-width10-xxx,Classification (Bucket Size=10),232,0,0.0,5870,5880
sharegpt,tpt-width10-xxx,Classification (Bucket Size=10),233,0,0.0,5860,5870
sharegpt,tpt-width10-xxx,Classification (Bucket Size=10),234,0,0.0,5850,5860
sharegpt,tpt-width10-xxx,Classification (Bucket Size=10),235,0,0.0,5840,5850
sharegpt,tpt-width10-xxx,Classification (Bucket Size=10),236,0,0.0,5830,5840
sharegpt,tpt-width10-xxx,Classification (Bucket Size=10),237,0,0.0,5820,5830
sharegpt,tpt-width10-xxx,Classification (Bucket Size=10),238,0,0.0,5810,5820
sharegpt,tpt-width10-xxx,Classification (Bucket Size=10),239,0,0.0,5800,5810
sharegpt,tpt-width10-xxx,Classification (Bucket Size=10),240,0,0.0,5790,5800
sharegpt,tpt-width10-xxx,Classification (Bucket Size=10),241,0,0.0,5780,5790
sharegpt,tpt-width10-xxx,Classification (Bucket Size=10),242,0,0.0,5770,5780
sharegpt,tpt-width10-xxx,Classification (Bucket Size=10),243,0,0.0,5760,5770
sharegpt,tpt-width10-xxx,Classification (Bucket Size=10),244,0,0.0,5750,5760
sharegpt,tpt-width10-xxx,Classification (Bucket Size=10),245,0,0.0,5740,5750
sharegpt,tpt-width10-xxx,Classification (Bucket Size=10),246,0,0.0,5730,5740
sharegpt,tpt-width10-xxx,Classification (Bucket Size=10),247,0,0.0,5720,5730
sharegpt,tpt-width10-xxx,Classification (Bucket Size=10),248,0,0.0,5710,5720
sharegpt,tpt-width10-xxx,Classification (Bucket Size=10),249,0,0.0,5700,5710
sharegpt,tpt-width10-xxx,Classification (Bucket Size=10),250,0,0.0,5690,5700
sharegpt,tpt-width10-xxx,Classification (Bucket Size=10),251,0,0.0,5680,5690
sharegpt,tpt-width10-xxx,Classification (Bucket Size=10),252,0,0.0,5670,5680
sharegpt,tpt-width10-xxx,Classification (Bucket Size=10),253,0,0.0,5660,5670
sharegpt,tpt-width10-xxx,Classification (Bucket Size=10),254,0,0.0,5650,5660
sharegpt,tpt-width10-xxx,Classification (Bucket Size=10),255,0,0.0,5640,5650
sharegpt,tpt-width10-xxx,Classification (Bucket Size=10),256,0,0.0,5630,5640
sharegpt,tpt-width10-xxx,Classification (Bucket Size=10),257,0,0.0,5620,5630
sharegpt,tpt-width10-xxx,Classification (Bucket Size=10),258,0,0.0,5610,5620
sharegpt,tpt-width10-xxx,Classification (Bucket Size=10),259,0,0.0,5600,5610
sharegpt,tpt-width10-xxx,Classification (Bucket Size=10),260,0,0.0,5590,5600
sharegpt,tpt-width10-xxx,Classification (Bucket Size=10),261,0,0.0,5580,5590
sharegpt,tpt-width10-xxx,Classification (Bucket Size=10),262,0,0.0,5570,5580
sharegpt,tpt-width10-xxx,Classification (Bucket Size=10),263,0,0.0,5560,5570
sharegpt,tpt-width10-xxx,Classification (Bucket Size=10),264,0,0.0,5550,5560
sharegpt,tpt-width10-xxx,Classification (Bucket Size=10),265,0,0.0,5540,5550
sharegpt,tpt-width10-xxx,Classification (Bucket Size=10),266,0,0.0,5530,5540
sharegpt,tpt-width10-xxx,Classification (Bucket Size=10),267,0,0.0,5520,5530
sharegpt,tpt-width10-xxx,Classification (Bucket Size=10),268,0,0.0,5510,5520
sharegpt,tpt-width10-xxx,Classification (Bucket Size=10),269,0,0.0,5500,5510
sharegpt,tpt-width10-xxx,Classification (Bucket Size=10),270,0,0.0,5490,5500
sharegpt,tpt-width10-xxx,Classification (Bucket Size=10),271,0,0.0,5480,5490
sharegpt,tpt-width10-xxx,Classification (Bucket Size=10),272,0,0.0,5470,5480
sharegpt,tpt-width10-xxx,Classification (Bucket Size=10),273,0,0.0,5460,5470
sharegpt,tpt-width10-xxx,Classification (Bucket Size=10),274,0,0.0,5450,5460
sharegpt,tpt-width10-xxx,Classification (Bucket Size=10),275,0,0.0,5440,5450
sharegpt,tpt-width10-xxx,Classification (Bucket Size=10),276,0,0.0,5430,5440
sharegpt,tpt-width10-xxx,Classification (Bucket Size=10),277,0,0.0,5420,5430
sharegpt,tpt-width10-xxx,Classification (Bucket Size=10),278,0,0.0,5410,5420
sharegpt,tpt-width10-xxx,Classification (Bucket Size=10),279,0,0.0,5400,5410
sharegpt,tpt-width10-xxx,Classification (Bucket Size=10),280,0,0.0,5390,5400
sharegpt,tpt-width10-xxx,Classification (Bucket Size=10),281,0,0.0,5380,5390
sharegpt,tpt-width10-xxx,Classification (Bucket Size=10),282,0,0.0,5370,5380
sharegpt,tpt-width10-xxx,Classification (Bucket Size=10),283,0,0.0,5360,5370
sharegpt,tpt-width10-xxx,Classification (Bucket Size=10),284,0,0.0,5350,5360
sharegpt,tpt-width10-xxx,Classification (Bucket Size=10),285,0,0.0,5340,5350
sharegpt,tpt-width10-xxx,Classification (Bucket Size=10),286,0,0.0,5330,5340
sharegpt,tpt-width10-xxx,Classification (Bucket Size=10),287,0,0.0,5320,5330
sharegpt,tpt-width10-xxx,Classification (Bucket Size=10),288,0,0.0,5310,5320
sharegpt,tpt-width10-xxx,Classification (Bucket Size=10),289,0,0.0,5300,5310
sharegpt,tpt-width10-xxx,Classification (Bucket Size=10),290,0,0.0,5290,5300
sharegpt,tpt-width10-xxx,Classification (Bucket Size=10),291,0,0.0,5280,5290
sharegpt,tpt-width10-xxx,Classification (Bucket Size=10),292,0,0.0,5270,5280
sharegpt,tpt-width10-xxx,Classification (Bucket Size=10),293,0,0.0,5260,5270
sharegpt,tpt-width10-xxx,Classification (Bucket Size=10),294,0,0.0,5250,5260
sharegpt,tpt-width10-xxx,Classification (Bucket Size=10),295,0,0.0,5240,5250
sharegpt,tpt-width10-xxx,Classification (Bucket Size=10),296,0,0.0,5230,5240
sharegpt,tpt-width10-xxx,Classification (Bucket Size=10),297,0,0.0,5220,5230
sharegpt,tpt-width10-xxx,Classification (Bucket Size=10),298,0,0.0,5210,5220
sharegpt,tpt-width10-xxx,Classification (Bucket Size=10),299,0,0.0,5200,5210
sharegpt,tpt-width10-xxx,Classification (Bucket Size=10),300,0,0.0,5190,5200
sharegpt,tpt-width10-xxx,Classification (Bucket Size=10),301,0,0.0,5180,5190
sharegpt,tpt-width10-xxx,Classification (Bucket Size=10),302,0,0.0,5170,5180
sharegpt,tpt-width10-xxx,Classification (Bucket Size=10),303,0,0.0,5160,5170
sharegpt,tpt-width10-xxx,Classification (Bucket Size=10),304,0,0.0,5150,5160
sharegpt,tpt-width10-xxx,Classification (Bucket Size=10),305,0,0.0,5140,5150
sharegpt,tpt-width10-xxx,Classification (Bucket Size=10),306,0,0.0,5130,5140
sharegpt,tpt-width10-xxx,Classification (Bucket Size=10),307,0,0.0,5120,5130
sharegpt,tpt-width10-xxx,Classification (Bucket Size=10),308,0,0.0,5110,5120
sharegpt,tpt-width10-xxx,Classification (Bucket Size=10),309,0,0.0,5100,5110
sharegpt,tpt-width10-xxx,Classification (Bucket Size=10),310,0,0.0,5090,5100
sharegpt,tpt-width10-xxx,Classification (Bucket Size=10),311,0,0.0,5080,5090
sharegpt,tpt-width10-xxx,Classification (Bucket Size=10),312,0,0.0,5070,5080
sharegpt,tpt-width10-xxx,Classification (Bucket Size=10),313,0,0.0,5060,5070
sharegpt,tpt-width10-xxx,Classification (Bucket Size=10),314,0,0.0,5050,5060
sharegpt,tpt-width10-xxx,Classification (Bucket Size=10),315,0,0.0,5040,5050
sharegpt,tpt-width10-xxx,Classification (Bucket Size=10),316,0,0.0,5030,5040
sharegpt,tpt-width10-xxx,Classification (Bucket Size=10),317,0,0.0,5020,5030
sharegpt,tpt-width10-xxx,Classification (Bucket Size=10),318,0,0.0,5010,5020
sharegpt,tpt-width10-xxx,Classification (Bucket Size=10),319,0,0.0,5000,5010
sharegpt,tpt-width10-xxx,Classification (Bucket Size=10),320,0,0.0,4990,5000
sharegpt,tpt-width10-xxx,Classification (Bucket Size=10),321,0,0.0,4980,4990
sharegpt,tpt-width10-xxx,Classification (Bucket Size=10),322,0,0.0,4970,4980
sharegpt,tpt-width10-xxx,Classification (Bucket Size=10),323,0,0.0,4960,4970
sharegpt,tpt-width10-xxx,Classification (Bucket Size=10),324,0,0.0,4950,4960
sharegpt,tpt-width10-xxx,Classification (Bucket Size=10),325,0,0.0,4940,4950
sharegpt,tpt-width10-xxx,Classification (Bucket Size=10),326,0,0.0,4930,4940
sharegpt,tpt-width10-xxx,Classification (Bucket Size=10),327,0,0.0,4920,4930
sharegpt,tpt-width10-xxx,Classification (Bucket Size=10),328,0,0.0,4910,4920
sharegpt,tpt-width10-xxx,Classification (Bucket Size=10),329,0,0.0,4900,4910
sharegpt,tpt-width10-xxx,Classification (Bucket Size=10),330,0,0.0,4890,4900
sharegpt,tpt-width10-xxx,Classification (Bucket Size=10),331,0,0.0,4880,4890
sharegpt,tpt-width10-xxx,Classification (Bucket Size=10),332,0,0.0,4870,4880
sharegpt,tpt-width10-xxx,Classification (Bucket Size=10),333,0,0.0,4860,4870
sharegpt,tpt-width10-xxx,Classification (Bucket Size=10),334,0,0.0,4850,4860
sharegpt,tpt-width10-xxx,Classification (Bucket Size=10),335,0,0.0,4840,4850
sharegpt,tpt-width10-xxx,Classification (Bucket Size=10),336,0,0.0,4830,4840
sharegpt,tpt-width10-xxx,Classification (Bucket Size=10),337,0,0.0,4820,4830
sharegpt,tpt-width10-xxx,Classification (Bucket Size=10),338,0,0.0,4810,4820
sharegpt,tpt-width10-xxx,Classification (Bucket Size=10),339,0,0.0,4800,4810
sharegpt,tpt-width10-xxx,Classification (Bucket Size=10),340,0,0.0,4790,4800
sharegpt,tpt-width10-xxx,Classification (Bucket Size=10),341,0,0.0,4780,4790
sharegpt,tpt-width10-xxx,Classification (Bucket Size=10),342,0,0.0,4770,4780
sharegpt,tpt-width10-xxx,Classification (Bucket Size=10),343,0,0.0,4760,4770
sharegpt,tpt-width10-xxx,Classification (Bucket Size=10),344,0,0.0,4750,4760
sharegpt,tpt-width10-xxx,Classification (Bucket Size=10),345,0,0.0,4740,4750
sharegpt,tpt-width10-xxx,Classification (Bucket Size=10),346,0,0.0,4730,4740
sharegpt,tpt-width10-xxx,Classification (Bucket Size=10),347,0,0.0,4720,4730
sharegpt,tpt-width10-xxx,Classification (Bucket Size=10),348,0,0.0,4710,4720
sharegpt,tpt-width10-xxx,Classification (Bucket Size=10),349,0,0.0,4700,4710
sharegpt,tpt-width10-xxx,Classification (Bucket Size=10),350,0,0.0,4690,4700
sharegpt,tpt-width10-xxx,Classification (Bucket Size=10),351,0,0.0,4680,4690
sharegpt,tpt-width10-xxx,Classification (Bucket Size=10),352,0,0.0,4670,4680
sharegpt,tpt-width10-xxx,Classification (Bucket Size=10),353,0,0.0,4660,4670
sharegpt,tpt-width10-xxx,Classification (Bucket Size=10),354,0,0.0,4650,4660
sharegpt,tpt-width10-xxx,Classification (Bucket Size=10),355,0,0.0,4640,4650
sharegpt,tpt-width10-xxx,Classification (Bucket Size=10),356,0,0.0,4630,4640
sharegpt,tpt-width10-xxx,Classification (Bucket Size=10),357,0,0.0,4620,4630
sharegpt,tpt-width10-xxx,Classification (Bucket Size=10),358,0,0.0,4610,4620
sharegpt,tpt-width10-xxx,Classification (Bucket Size=10),359,0,0.0,4600,4610
sharegpt,tpt-width10-xxx,Classification (Bucket Size=10),360,0,0.0,4590,4600
sharegpt,tpt-width10-xxx,Classification (Bucket Size=10),361,0,0.0,4580,4590
sharegpt,tpt-width10-xxx,Classification (Bucket Size=10),362,0,0.0,4570,4580
sharegpt,tpt-width10-xxx,Classification (Bucket Size=10),363,0,0.0,4560,4570
sharegpt,tpt-width10-xxx,Classification (Bucket Size=10),364,0,0.0,4550,4560
sharegpt,tpt-width10-xxx,Classification (Bucket Size=10),365,0,0.0,4540,4550
sharegpt,tpt-width10-xxx,Classification (Bucket Size=10),366,0,0.0,4530,4540
sharegpt,tpt-width10-xxx,Classification (Bucket Size=10),367,0,0.0,4520,4530
sharegpt,tpt-width10-xxx,Classification (Bucket Size=10),368,0,0.0,4510,4520
sharegpt,tpt-width10-xxx,Classification (Bucket Size=10),369,0,0.0,4500,4510
sharegpt,tpt-width10-xxx,Classification (Bucket Size=10),370,0,0.0,4490,4500
sharegpt,tpt-width10-xxx,Classification (Bucket Size=10),371,0,0.0,4480,4490
sharegpt,tpt-width10-xxx,Classification (Bucket Size=10),372,0,0.0,4470,4480
sharegpt,tpt-width10-xxx,Classification (Bucket Size=10),373,0,0.0,4460,4470
sharegpt,tpt-width10-xxx,Classification (Bucket Size=10),374,0,0.0,4450,4460
sharegpt,tpt-width10-xxx,Classification (Bucket Size=10),375,0,0.0,4440,4450
sharegpt,tpt-width10-xxx,Classification (Bucket Size=10),376,0,0.0,4430,4440
sharegpt,tpt-width10-xxx,Classification (Bucket Size=10),377,0,0.0,4420,4430
sharegpt,tpt-width10-xxx,Classification (Bucket Size=10),378,0,0.0,4410,4420
sharegpt,tpt-width10-xxx,Classification (Bucket Size=10),379,0,0.0,4400,4410
sharegpt,tpt-width10-xxx,Classification (Bucket Size=10),380,0,0.0,4390,4400
sharegpt,tpt-width10-xxx,Classification (Bucket Size=10),381,0,0.0,4380,4390
sharegpt,tpt-width10-xxx,Classification (Bucket Size=10),382,0,0.0,4370,4380
sharegpt,tpt-width10-xxx,Classification (Bucket Size=10),383,0,0.0,4360,4370
sharegpt,tpt-width10-xxx,Classification (Bucket Size=10),384,0,0.0,4350,4360
sharegpt,tpt-width10-xxx,Classification (Bucket Size=10),385,0,0.0,4340,4350
sharegpt,tpt-width10-xxx,Classification (Bucket Size=10),386,0,0.0,4330,4340
sharegpt,tpt-width10-xxx,Classification (Bucket Size=10),387,0,0.0,4320,4330
sharegpt,tpt-width10-xxx,Classification (Bucket Size=10),388,0,0.0,4310,4320
sharegpt,tpt-width10-xxx,Classification (Bucket Size=10),389,0,0.0,4300,4310
sharegpt,tpt-width10-xxx,Classification (Bucket Size=10),390,0,0.0,4290,4300
sharegpt,tpt-width10-xxx,Classification (Bucket Size=10),391,0,0.0,4280,4290
sharegpt,tpt-width10-xxx,Classification (Bucket Size=10),392,0,0.0,4270,4280
sharegpt,tpt-width10-xxx,Classification (Bucket Size=10),393,0,0.0,4260,4270
sharegpt,tpt-width10-xxx,Classification (Bucket Size=10),394,0,0.0,4250,4260
sharegpt,tpt-width10-xxx,Classification (Bucket Size=10),395,0,0.0,4240,4250
sharegpt,tpt-width10-xxx,Classification (Bucket Size=10),396,0,0.0,4230,4240
sharegpt,tpt-width10-xxx,Classification (Bucket Size=10),397,0,0.0,4220,4230
sharegpt,tpt-width10-xxx,Classification (Bucket Size=10),398,0,0.0,4210,4220
sharegpt,tpt-width10-xxx,Classification (Bucket Size=10),399,0,0.0,4200,4210
sharegpt,tpt-width10-xxx,Classification (Bucket Size=10),400,0,0.0,4190,4200
sharegpt,tpt-width10-xxx,Classification (Bucket Size=10),401,0,0.0,4180,4190
sharegpt,tpt-width10-xxx,Classification (Bucket Size=10),402,0,0.0,4170,4180
sharegpt,tpt-width10-xxx,Classification (Bucket Size=10),403,0,0.0,4160,4170
sharegpt,tpt-width10-xxx,Classification (Bucket Size=10),404,0,0.0,4150,4160
sharegpt,tpt-width10-xxx,Classification (Bucket Size=10),405,0,0.0,4140,4150
sharegpt,tpt-width10-xxx,Classification (Bucket Size=10),406,0,0.0,4130,4140
sharegpt,tpt-width10-xxx,Classification (Bucket Size=10),407,0,0.0,4120,4130
sharegpt,tpt-width10-xxx,Classification (Bucket Size=10),408,0,0.0,4110,4120
sharegpt,tpt-width10-xxx,Classification (Bucket Size=10),409,0,0.0,4100,4110
sharegpt,tpt-width10-xxx,Classification (Bucket Size=10),410,0,0.0,4090,4100
sharegpt,tpt-width10-xxx,Classification (Bucket Size=10),411,0,0.0,4080,4090
sharegpt,tpt-width10-xxx,Classification (Bucket Size=10),412,0,0.0,4070,4080
sharegpt,tpt-width10-xxx,Classification (Bucket Size=10),413,0,0.0,4060,4070
sharegpt,tpt-width10-xxx,Classification (Bucket Size=10),414,0,0.0,4050,4060
sharegpt,tpt-width10-xxx,Classification (Bucket Size=10),415,0,0.0,4040,4050
sharegpt,tpt-width10-xxx,Classification (Bucket Size=10),416,0,0.0,4030,4040
sharegpt,tpt-width10-xxx,Classification (Bucket Size=10),417,0,0.0,4020,4030
sharegpt,tpt-width10-xxx,Classification (Bucket Size=10),418,0,0.0,4010,4020
sharegpt,tpt-width10-xxx,Classification (Bucket Size=10),419,0,0.0,4000,4010
sharegpt,tpt-width10-xxx,Classification (Bucket Size=10),420,0,0.0,3990,4000
sharegpt,tpt-width10-xxx,Classification (Bucket Size=10),421,0,0.0,3980,3990
sharegpt,tpt-width10-xxx,Classification (Bucket Size=10),422,0,0.0,3970,3980
sharegpt,tpt-width10-xxx,Classification (Bucket Size=10),423,0,0.0,3960,3970
sharegpt,tpt-width10-xxx,Classification (Bucket Size=10),424,0,0.0,3950,3960
sharegpt,tpt-width10-xxx,Classification (Bucket Size=10),425,0,0.0,3940,3950
sharegpt,tpt-width10-xxx,Classification (Bucket Size=10),426,0,0.0,3930,3940
sharegpt,tpt-width10-xxx,Classification (Bucket Size=10),427,0,0.0,3920,3930
sharegpt,tpt-width10-xxx,Classification (Bucket Size=10),428,0,0.0,3910,3920
sharegpt,tpt-width10-xxx,Classification (Bucket Size=10),429,0,0.0,3900,3910
sharegpt,tpt-width10-xxx,Classification (Bucket Size=10),430,0,0.0,3890,3900
sharegpt,tpt-width10-xxx,Classification (Bucket Size=10),431,0,0.0,3880,3890
sharegpt,tpt-width10-xxx,Classification (Bucket Size=10),432,0,0.0,3870,3880
sharegpt,tpt-width10-xxx,Classification (Bucket Size=10),433,0,0.0,3860,3870
sharegpt,tpt-width10-xxx,Classification (Bucket Size=10),434,0,0.0,3850,3860
sharegpt,tpt-width10-xxx,Classification (Bucket Size=10),435,0,0.0,3840,3850
sharegpt,tpt-width10-xxx,Classification (Bucket Size=10),436,0,0.0,3830,3840
sharegpt,tpt-width10-xxx,Classification (Bucket Size=10),437,0,0.0,3820,3830
sharegpt,tpt-width10-xxx,Classification (Bucket Size=10),438,0,0.0,3810,3820
sharegpt,tpt-width10-xxx,Classification (Bucket Size=10),439,0,0.0,3800,3810
sharegpt,tpt-width10-xxx,Classification (Bucket Size=10),440,0,0.0,3790,3800
sharegpt,tpt-width10-xxx,Classification (Bucket Size=10),441,0,0.0,3780,3790
sharegpt,tpt-width10-xxx,Classification (Bucket Size=10),442,0,0.0,3770,3780
sharegpt,tpt-width10-xxx,Classification (Bucket Size=10),443,0,0.0,3760,3770
sharegpt,tpt-width10-xxx,Classification (Bucket Size=10),444,0,0.0,3750,3760
sharegpt,tpt-width10-xxx,Classification (Bucket Size=10),445,0,0.0,3740,3750
sharegpt,tpt-width10-xxx,Classification (Bucket Size=10),446,0,0.0,3730,3740
sharegpt,tpt-width10-xxx,Classification (Bucket Size=10),447,0,0.0,3720,3730
sharegpt,tpt-width10-xxx,Classification (Bucket Size=10),448,0,0.0,3710,3720
sharegpt,tpt-width10-xxx,Classification (Bucket Size=10),449,0,0.0,3700,3710
sharegpt,tpt-width10-xxx,Classification (Bucket Size=10),450,0,0.0,3690,3700
sharegpt,tpt-width10-xxx,Classification (Bucket Size=10),451,0,0.0,3680,3690
sharegpt,tpt-width10-xxx,Classification (Bucket Size=10),452,0,0.0,3670,3680
sharegpt,tpt-width10-xxx,Classification (Bucket Size=10),453,0,0.0,3660,3670
sharegpt,tpt-width10-xxx,Classification (Bucket Size=10),454,0,0.0,3650,3660
sharegpt,tpt-width10-xxx,Classification (Bucket Size=10),455,0,0.0,3640,3650
sharegpt,tpt-width10-xxx,Classification (Bucket Size=10),456,0,0.0,3630,3640
sharegpt,tpt-width10-xxx,Classification (Bucket Size=10),457,0,0.0,3620,3630
sharegpt,tpt-width10-xxx,Classification (Bucket Size=10),458,0,0.0,3610,3620
sharegpt,tpt-width10-xxx,Classification (Bucket Size=10),459,0,0.0,3600,3610
sharegpt,tpt-width10-xxx,Classification (Bucket Size=10),460,0,0.0,3590,3600
sharegpt,tpt-width10-xxx,Classification (Bucket Size=10),461,0,0.0,3580,3590
sharegpt,tpt-width10-xxx,Classification (Bucket Size=10),462,0,0.0,3570,3580
sharegpt,tpt-width10-xxx,Classification (Bucket Size=10),463,0,0.0,3560,3570
sharegpt,tpt-width10-xxx,Classification (Bucket Size=10),464,0,0.0,3550,3560
sharegpt,tpt-width10-xxx,Classification (Bucket Size=10),465,0,0.0,3540,3550
sharegpt,tpt-width10-xxx,Classification (Bucket Size=10),466,0,0.0,3530,3540
sharegpt,tpt-width10-xxx,Classification (Bucket Size=10),467,0,0.0,3520,3530
sharegpt,tpt-width10-xxx,Classification (Bucket Size=10),468,0,0.0,3510,3520
sharegpt,tpt-width10-xxx,Classification (Bucket Size=10),469,0,0.0,3500,3510
sharegpt,tpt-width10-xxx,Classification (Bucket Size=10),470,0,0.0,3490,3500
sharegpt,tpt-width10-xxx,Classification (Bucket Size=10),471,0,0.0,3480,3490
sharegpt,tpt-width10-xxx,Classification (Bucket Size=10),472,0,0.0,3470,3480
sharegpt,tpt-width10-xxx,Classification (Bucket Size=10),473,0,0.0,3460,3470
sharegpt,tpt-width10-xxx,Classification (Bucket Size=10),474,0,0.0,3450,3460
sharegpt,tpt-width10-xxx,Classification (Bucket Size=10),475,0,0.0,3440,3450
sharegpt,tpt-width10-xxx,Classification (Bucket Size=10),476,0,0.0,3430,3440
sharegpt,tpt-width10-xxx,Classification (Bucket Size=10),477,0,0.0,3420,3430
sharegpt,tpt-width10-xxx,Classification (Bucket Size=10),478,0,0.0,3410,3420
sharegpt,tpt-width10-xxx,Classification (Bucket Size=10),479,0,0.0,3400,3410
sharegpt,tpt-width10-xxx,Classification (Bucket Size=10),480,0,0.0,3390,3400
sharegpt,tpt-width10-xxx,Classification (Bucket Size=10),481,0,0.0,3380,3390
sharegpt,tpt-width10-xxx,Classification (Bucket Size=10),482,0,0.0,3370,3380
sharegpt,tpt-width10-xxx,Classification (Bucket Size=10),483,0,0.0,3360,3370
sharegpt,tpt-width10-xxx,Classification (Bucket Size=10),484,0,0.0,3350,3360
sharegpt,tpt-width10-xxx,Classification (Bucket Size=10),485,0,0.0,3340,3350
sharegpt,tpt-width10-xxx,Classification (Bucket Size=10),486,0,0.0,3330,3340
sharegpt,tpt-width10-xxx,Classification (Bucket Size=10),487,0,0.0,3320,3330
sharegpt,tpt-width10-xxx,Classification (Bucket Size=10),488,0,0.0,3310,3320
sharegpt,tpt-width10-xxx,Classification (Bucket Size=10),489,0,0.0,3300,3310
sharegpt,tpt-width10-xxx,Classification (Bucket Size=10),490,0,0.0,3290,3300
sharegpt,tpt-width10-xxx,Classification (Bucket Size=10),491,0,0.0,3280,3290
sharegpt,tpt-width10-xxx,Classification (Bucket Size=10),492,0,0.0,3270,3280
sharegpt,tpt-width10-xxx,Classification (Bucket Size=10),493,0,0.0,3260,3270
sharegpt,tpt-width10-xxx,Classification (Bucket Size=10),494,0,0.0,3250,3260
sharegpt,tpt-width10-xxx,Classification (Bucket Size=10),495,0,0.0,3240,3250
sharegpt,tpt-width10-xxx,Classification (Bucket Size=10),496,0,0.0,3230,3240
sharegpt,tpt-width10-xxx,Classification (Bucket Size=10),497,1,0.01,3220,3230
sharegpt,tpt-width10-xxx,Classification (Bucket Size=10),498,0,0.0,3210,3220
sharegpt,tpt-width10-xxx,Classification (Bucket Size=10),499,0,0.0,3200,3210
sharegpt,tpt-width10-xxx,Classification (Bucket Size=10),500,0,0.0,3190,3200
sharegpt,tpt-width10-xxx,Classification (Bucket Size=10),501,0,0.0,3180,3190
sharegpt,tpt-width10-xxx,Classification (Bucket Size=10),502,0,0.0,3170,3180
sharegpt,tpt-width10-xxx,Classification (Bucket Size=10),503,0,0.0,3160,3170
sharegpt,tpt-width10-xxx,Classification (Bucket Size=10),504,0,0.0,3150,3160
sharegpt,tpt-width10-xxx,Classification (Bucket Size=10),505,0,0.0,3140,3150
sharegpt,tpt-width10-xxx,Classification (Bucket Size=10),506,0,0.0,3130,3140
sharegpt,tpt-width10-xxx,Classification (Bucket Size=10),507,0,0.0,3120,3130
sharegpt,tpt-width10-xxx,Classification (Bucket Size=10),508,0,0.0,3110,3120
sharegpt,tpt-width10-xxx,Classification (Bucket Size=10),509,0,0.0,3100,3110
sharegpt,tpt-width10-xxx,Classification (Bucket Size=10),510,0,0.0,3090,3100
sharegpt,tpt-width10-xxx,Classification (Bucket Size=10),511,0,0.0,3080,3090
sharegpt,tpt-width10-xxx,Classification (Bucket Size=10),512,0,0.0,3070,3080
sharegpt,tpt-width10-xxx,Classification (Bucket Size=10),513,0,0.0,3060,3070
sharegpt,tpt-width10-xxx,Classification (Bucket Size=10),514,0,0.0,3050,3060
sharegpt,tpt-width10-xxx,Classification (Bucket Size=10),515,0,0.0,3040,3050
sharegpt,tpt-width10-xxx,Classification (Bucket Size=10),516,0,0.0,3030,3040
sharegpt,tpt-width10-xxx,Classification (Bucket Size=10),517,0,0.0,3020,3030
sharegpt,tpt-width10-xxx,Classification (Bucket Size=10),518,1,0.01,3010,3020
sharegpt,tpt-width10-xxx,Classification (Bucket Size=10),519,0,0.0,3000,3010
sharegpt,tpt-width10-xxx,Classification (Bucket Size=10),520,0,0.0,2990,3000
sharegpt,tpt-width10-xxx,Classification (Bucket Size=10),521,0,0.0,2980,2990
sharegpt,tpt-width10-xxx,Classification (Bucket Size=10),522,0,0.0,2970,2980
sharegpt,tpt-width10-xxx,Classification (Bucket Size=10),523,0,0.0,2960,2970
sharegpt,tpt-width10-xxx,Classification (Bucket Size=10),524,0,0.0,2950,2960
sharegpt,tpt-width10-xxx,Classification (Bucket Size=10),525,0,0.0,2940,2950
sharegpt,tpt-width10-xxx,Classification (Bucket Size=10),526,0,0.0,2930,2940
sharegpt,tpt-width10-xxx,Classification (Bucket Size=10),527,0,0.0,2920,2930
sharegpt,tpt-width10-xxx,Classification (Bucket Size=10),528,0,0.0,2910,2920
sharegpt,tpt-width10-xxx,Classification (Bucket Size=10),529,0,0.0,2900,2910
sharegpt,tpt-width10-xxx,Classification (Bucket Size=10),530,0,0.0,2890,2900
sharegpt,tpt-width10-xxx,Classification (Bucket Size=10),531,0,0.0,2880,2890
sharegpt,tpt-width10-xxx,Classification (Bucket Size=10),532,0,0.0,2870,2880
sharegpt,tpt-width10-xxx,Classification (Bucket Size=10),533,0,0.0,2860,2870
sharegpt,tpt-width10-xxx,Classification (Bucket Size=10),534,0,0.0,2850,2860
sharegpt,tpt-width10-xxx,Classification (Bucket Size=10),535,0,0.0,2840,2850
sharegpt,tpt-width10-xxx,Classification (Bucket Size=10),536,0,0.0,2830,2840
sharegpt,tpt-width10-xxx,Classification (Bucket Size=10),537,0,0.0,2820,2830
sharegpt,tpt-width10-xxx,Classification (Bucket Size=10),538,0,0.0,2810,2820
sharegpt,tpt-width10-xxx,Classification (Bucket Size=10),539,0,0.0,2800,2810
sharegpt,tpt-width10-xxx,Classification (Bucket Size=10),540,0,0.0,2790,2800
sharegpt,tpt-width10-xxx,Classification (Bucket Size=10),541,0,0.0,2780,2790
sharegpt,tpt-width10-xxx,Classification (Bucket Size=10),542,0,0.0,2770,2780
sharegpt,tpt-width10-xxx,Classification (Bucket Size=10),543,0,0.0,2760,2770
sharegpt,tpt-width10-xxx,Classification (Bucket Size=10),544,0,0.0,2750,2760
sharegpt,tpt-width10-xxx,Classification (Bucket Size=10),545,1,0.01,2740,2750
sharegpt,tpt-width10-xxx,Classification (Bucket Size=10),546,0,0.0,2730,2740
sharegpt,tpt-width10-xxx,Classification (Bucket Size=10),547,0,0.0,2720,2730
sharegpt,tpt-width10-xxx,Classification (Bucket Size=10),548,0,0.0,2710,2720
sharegpt,tpt-width10-xxx,Classification (Bucket Size=10),549,0,0.0,2700,2710
sharegpt,tpt-width10-xxx,Classification (Bucket Size=10),550,0,0.0,2690,2700
sharegpt,tpt-width10-xxx,Classification (Bucket Size=10),551,1,0.01,2680,2690
sharegpt,tpt-width10-xxx,Classification (Bucket Size=10),552,0,0.0,2670,2680
sharegpt,tpt-width10-xxx,Classification (Bucket Size=10),553,0,0.0,2660,2670
sharegpt,tpt-width10-xxx,Classification (Bucket Size=10),554,0,0.0,2650,2660
sharegpt,tpt-width10-xxx,Classification (Bucket Size=10),555,0,0.0,2640,2650
sharegpt,tpt-width10-xxx,Classification (Bucket Size=10),556,0,0.0,2630,2640
sharegpt,tpt-width10-xxx,Classification (Bucket Size=10),557,0,0.0,2620,2630
sharegpt,tpt-width10-xxx,Classification (Bucket Size=10),558,0,0.0,2610,2620
sharegpt,tpt-width10-xxx,Classification (Bucket Size=10),559,0,0.0,2600,2610
sharegpt,tpt-width10-xxx,Classification (Bucket Size=10),560,0,0.0,2590,2600
sharegpt,tpt-width10-xxx,Classification (Bucket Size=10),561,1,0.01,2580,2590
sharegpt,tpt-width10-xxx,Classification (Bucket Size=10),562,0,0.0,2570,2580
sharegpt,tpt-width10-xxx,Classification (Bucket Size=10),563,0,0.0,2560,2570
sharegpt,tpt-width10-xxx,Classification (Bucket Size=10),564,0,0.0,2550,2560
sharegpt,tpt-width10-xxx,Classification (Bucket Size=10),565,0,0.0,2540,2550
sharegpt,tpt-width10-xxx,Classification (Bucket Size=10),566,0,0.0,2530,2540
sharegpt,tpt-width10-xxx,Classification (Bucket Size=10),567,0,0.0,2520,2530
sharegpt,tpt-width10-xxx,Classification (Bucket Size=10),568,0,0.0,2510,2520
sharegpt,tpt-width10-xxx,Classification (Bucket Size=10),569,0,0.0,2500,2510
sharegpt,tpt-width10-xxx,Classification (Bucket Size=10),570,0,0.0,2490,2500
sharegpt,tpt-width10-xxx,Classification (Bucket Size=10),571,0,0.0,2480,2490
sharegpt,tpt-width10-xxx,Classification (Bucket Size=10),572,0,0.0,2470,2480
sharegpt,tpt-width10-xxx,Classification (Bucket Size=10),573,0,0.0,2460,2470
sharegpt,tpt-width10-xxx,Classification (Bucket Size=10),574,0,0.0,2450,2460
sharegpt,tpt-width10-xxx,Classification (Bucket Size=10),575,0,0.0,2440,2450
sharegpt,tpt-width10-xxx,Classification (Bucket Size=10),576,1,0.01,2430,2440
sharegpt,tpt-width10-xxx,Classification (Bucket Size=10),577,0,0.0,2420,2430
sharegpt,tpt-width10-xxx,Classification (Bucket Size=10),578,0,0.0,2410,2420
sharegpt,tpt-width10-xxx,Classification (Bucket Size=10),579,0,0.0,2400,2410
sharegpt,tpt-width10-xxx,Classification (Bucket Size=10),580,0,0.0,2390,2400
sharegpt,tpt-width10-xxx,Classification (Bucket Size=10),581,0,0.0,2380,2390
sharegpt,tpt-width10-xxx,Classification (Bucket Size=10),582,0,0.0,2370,2380
sharegpt,tpt-width10-xxx,Classification (Bucket Size=10),583,0,0.0,2360,2370
sharegpt,tpt-width10-xxx,Classification (Bucket Size=10),584,0,0.0,2350,2360
sharegpt,tpt-width10-xxx,Classification (Bucket Size=10),585,0,0.0,2340,2350
sharegpt,tpt-width10-xxx,Classification (Bucket Size=10),586,1,0.01,2330,2340
sharegpt,tpt-width10-xxx,Classification (Bucket Size=10),587,0,0.0,2320,2330
sharegpt,tpt-width10-xxx,Classification (Bucket Size=10),588,0,0.0,2310,2320
sharegpt,tpt-width10-xxx,Classification (Bucket Size=10),589,0,0.0,2300,2310
sharegpt,tpt-width10-xxx,Classification (Bucket Size=10),590,0,0.0,2290,2300
sharegpt,tpt-width10-xxx,Classification (Bucket Size=10),591,0,0.0,2280,2290
sharegpt,tpt-width10-xxx,Classification (Bucket Size=10),592,0,0.0,2270,2280
sharegpt,tpt-width10-xxx,Classification (Bucket Size=10),593,0,0.0,2260,2270
sharegpt,tpt-width10-xxx,Classification (Bucket Size=10),594,0,0.0,2250,2260
sharegpt,tpt-width10-xxx,Classification (Bucket Size=10),595,0,0.0,2240,2250
sharegpt,tpt-width10-xxx,Classification (Bucket Size=10),596,0,0.0,2230,2240
sharegpt,tpt-width10-xxx,Classification (Bucket Size=10),597,0,0.0,2220,2230
sharegpt,tpt-width10-xxx,Classification (Bucket Size=10),598,1,0.01,2210,2220
sharegpt,tpt-width10-xxx,Classification (Bucket Size=10),599,0,0.0,2200,2210
sharegpt,tpt-width10-xxx,Classification (Bucket Size=10),600,0,0.0,2190,2200
sharegpt,tpt-width10-xxx,Classification (Bucket Size=10),601,1,0.01,2180,2190
sharegpt,tpt-width10-xxx,Classification (Bucket Size=10),602,0,0.0,2170,2180
sharegpt,tpt-width10-xxx,Classification (Bucket Size=10),603,0,0.0,2160,2170
sharegpt,tpt-width10-xxx,Classification (Bucket Size=10),604,0,0.0,2150,2160
sharegpt,tpt-width10-xxx,Classification (Bucket Size=10),605,0,0.0,2140,2150
sharegpt,tpt-width10-xxx,Classification (Bucket Size=10),606,0,0.0,2130,2140
sharegpt,tpt-width10-xxx,Classification (Bucket Size=10),607,0,0.0,2120,2130
sharegpt,tpt-width10-xxx,Classification (Bucket Size=10),608,1,0.01,2110,2120
sharegpt,tpt-width10-xxx,Classification (Bucket Size=10),609,0,0.0,2100,2110
sharegpt,tpt-width10-xxx,Classification (Bucket Size=10),610,1,0.01,2090,2100
sharegpt,tpt-width10-xxx,Classification (Bucket Size=10),611,1,0.01,2080,2090
sharegpt,tpt-width10-xxx,Classification (Bucket Size=10),612,0,0.0,2070,2080
sharegpt,tpt-width10-xxx,Classification (Bucket Size=10),613,0,0.0,2060,2070
sharegpt,tpt-width10-xxx,Classification (Bucket Size=10),614,0,0.0,2050,2060
sharegpt,tpt-width10-xxx,Classification (Bucket Size=10),615,0,0.0,2040,2050
sharegpt,tpt-width10-xxx,Classification (Bucket Size=10),616,1,0.01,2030,2040
sharegpt,tpt-width10-xxx,Classification (Bucket Size=10),617,0,0.0,2020,2030
sharegpt,tpt-width10-xxx,Classification (Bucket Size=10),618,1,0.01,2010,2020
sharegpt,tpt-width10-xxx,Classification (Bucket Size=10),619,0,0.0,2000,2010
sharegpt,tpt-width10-xxx,Classification (Bucket Size=10),620,0,0.0,1990,2000
sharegpt,tpt-width10-xxx,Classification (Bucket Size=10),621,0,0.0,1980,1990
sharegpt,tpt-width10-xxx,Classification (Bucket Size=10),622,1,0.01,1970,1980
sharegpt,tpt-width10-xxx,Classification (Bucket Size=10),623,1,0.01,1960,1970
sharegpt,tpt-width10-xxx,Classification (Bucket Size=10),624,0,0.0,1950,1960
sharegpt,tpt-width10-xxx,Classification (Bucket Size=10),625,1,0.01,1940,1950
sharegpt,tpt-width10-xxx,Classification (Bucket Size=10),626,1,0.01,1930,1940
sharegpt,tpt-width10-xxx,Classification (Bucket Size=10),627,0,0.0,1920,1930
sharegpt,tpt-width10-xxx,Classification (Bucket Size=10),628,0,0.0,1910,1920
sharegpt,tpt-width10-xxx,Classification (Bucket Size=10),629,0,0.0,1900,1910
sharegpt,tpt-width10-xxx,Classification (Bucket Size=10),630,1,0.01,1890,1900
sharegpt,tpt-width10-xxx,Classification (Bucket Size=10),631,0,0.0,1880,1890
sharegpt,tpt-width10-xxx,Classification (Bucket Size=10),632,0,0.0,1870,1880
sharegpt,tpt-width10-xxx,Classification (Bucket Size=10),633,2,0.02,1860,1870
sharegpt,tpt-width10-xxx,Classification (Bucket Size=10),634,0,0.0,1850,1860
sharegpt,tpt-width10-xxx,Classification (Bucket Size=10),635,1,0.01,1840,1850
sharegpt,tpt-width10-xxx,Classification (Bucket Size=10),636,0,0.0,1830,1840
sharegpt,tpt-width10-xxx,Classification (Bucket Size=10),637,2,0.02,1820,1830
sharegpt,tpt-width10-xxx,Classification (Bucket Size=10),638,0,0.0,1810,1820
sharegpt,tpt-width10-xxx,Classification (Bucket Size=10),639,0,0.0,1800,1810
sharegpt,tpt-width10-xxx,Classification (Bucket Size=10),640,0,0.0,1790,1800
sharegpt,tpt-width10-xxx,Classification (Bucket Size=10),641,1,0.01,1780,1790
sharegpt,tpt-width10-xxx,Classification (Bucket Size=10),642,2,0.02,1770,1780
sharegpt,tpt-width10-xxx,Classification (Bucket Size=10),643,1,0.01,1760,1770
sharegpt,tpt-width10-xxx,Classification (Bucket Size=10),644,0,0.0,1750,1760
sharegpt,tpt-width10-xxx,Classification (Bucket Size=10),645,0,0.0,1740,1750
sharegpt,tpt-width10-xxx,Classification (Bucket Size=10),646,1,0.01,1730,1740
sharegpt,tpt-width10-xxx,Classification (Bucket Size=10),647,0,0.0,1720,1730
sharegpt,tpt-width10-xxx,Classification (Bucket Size=10),648,0,0.0,1710,1720
sharegpt,tpt-width10-xxx,Classification (Bucket Size=10),649,0,0.0,1700,1710
sharegpt,tpt-width10-xxx,Classification (Bucket Size=10),650,0,0.0,1690,1700
sharegpt,tpt-width10-xxx,Classification (Bucket Size=10),651,0,0.0,1680,1690
sharegpt,tpt-width10-xxx,Classification (Bucket Size=10),652,1,0.01,1670,1680
sharegpt,tpt-width10-xxx,Classification (Bucket Size=10),653,1,0.01,1660,1670
sharegpt,tpt-width10-xxx,Classification (Bucket Size=10),654,1,0.01,1650,1660
sharegpt,tpt-width10-xxx,Classification (Bucket Size=10),655,1,0.01,1640,1650
sharegpt,tpt-width10-xxx,Classification (Bucket Size=10),656,0,0.0,1630,1640
sharegpt,tpt-width10-xxx,Classification (Bucket Size=10),657,1,0.01,1620,1630
sharegpt,tpt-width10-xxx,Classification (Bucket Size=10),658,2,0.02,1610,1620
sharegpt,tpt-width10-xxx,Classification (Bucket Size=10),659,0,0.0,1600,1610
sharegpt,tpt-width10-xxx,Classification (Bucket Size=10),660,1,0.01,1590,1600
sharegpt,tpt-width10-xxx,Classification (Bucket Size=10),661,3,0.03,1580,1590
sharegpt,tpt-width10-xxx,Classification (Bucket Size=10),662,2,0.02,1570,1580
sharegpt,tpt-width10-xxx,Classification (Bucket Size=10),663,1,0.01,1560,1570
sharegpt,tpt-width10-xxx,Classification (Bucket Size=10),664,0,0.0,1550,1560
sharegpt,tpt-width10-xxx,Classification (Bucket Size=10),665,1,0.01,1540,1550
sharegpt,tpt-width10-xxx,Classification (Bucket Size=10),666,3,0.03,1530,1540
sharegpt,tpt-width10-xxx,Classification (Bucket Size=10),667,0,0.0,1520,1530
sharegpt,tpt-width10-xxx,Classification (Bucket Size=10),668,1,0.01,1510,1520
sharegpt,tpt-width10-xxx,Classification (Bucket Size=10),669,0,0.0,1500,1510
sharegpt,tpt-width10-xxx,Classification (Bucket Size=10),670,2,0.02,1490,1500
sharegpt,tpt-width10-xxx,Classification (Bucket Size=10),671,2,0.02,1480,1490
sharegpt,tpt-width10-xxx,Classification (Bucket Size=10),672,3,0.03,1470,1480
sharegpt,tpt-width10-xxx,Classification (Bucket Size=10),673,0,0.0,1460,1470
sharegpt,tpt-width10-xxx,Classification (Bucket Size=10),674,1,0.01,1450,1460
sharegpt,tpt-width10-xxx,Classification (Bucket Size=10),675,2,0.02,1440,1450
sharegpt,tpt-width10-xxx,Classification (Bucket Size=10),676,2,0.02,1430,1440
sharegpt,tpt-width10-xxx,Classification (Bucket Size=10),677,1,0.01,1420,1430
sharegpt,tpt-width10-xxx,Classification (Bucket Size=10),678,1,0.01,1410,1420
sharegpt,tpt-width10-xxx,Classification (Bucket Size=10),679,1,0.01,1400,1410
sharegpt,tpt-width10-xxx,Classification (Bucket Size=10),680,2,0.02,1390,1400
sharegpt,tpt-width10-xxx,Classification (Bucket Size=10),681,4,0.04,1380,1390
sharegpt,tpt-width10-xxx,Classification (Bucket Size=10),682,1,0.01,1370,1380
sharegpt,tpt-width10-xxx,Classification (Bucket Size=10),683,2,0.02,1360,1370
sharegpt,tpt-width10-xxx,Classification (Bucket Size=10),684,2,0.02,1350,1360
sharegpt,tpt-width10-xxx,Classification (Bucket Size=10),685,2,0.02,1340,1350
sharegpt,tpt-width10-xxx,Classification (Bucket Size=10),686,3,0.03,1330,1340
sharegpt,tpt-width10-xxx,Classification (Bucket Size=10),687,2,0.02,1320,1330
sharegpt,tpt-width10-xxx,Classification (Bucket Size=10),688,2,0.02,1310,1320
sharegpt,tpt-width10-xxx,Classification (Bucket Size=10),689,0,0.0,1300,1310
sharegpt,tpt-width10-xxx,Classification (Bucket Size=10),690,1,0.01,1290,1300
sharegpt,tpt-width10-xxx,Classification (Bucket Size=10),691,2,0.02,1280,1290
sharegpt,tpt-width10-xxx,Classification (Bucket Size=10),692,4,0.04,1270,1280
sharegpt,tpt-width10-xxx,Classification (Bucket Size=10),693,3,0.03,1260,1270
sharegpt,tpt-width10-xxx,Classification (Bucket Size=10),694,3,0.03,1250,1260
sharegpt,tpt-width10-xxx,Classification (Bucket Size=10),695,3,0.03,1240,1250
sharegpt,tpt-width10-xxx,Classification (Bucket Size=10),696,1,0.01,1230,1240
sharegpt,tpt-width10-xxx,Classification (Bucket Size=10),697,6,0.06,1220,1230
sharegpt,tpt-width10-xxx,Classification (Bucket Size=10),698,7,0.07,1210,1220
sharegpt,tpt-width10-xxx,Classification (Bucket Size=10),699,6,0.06,1200,1210
sharegpt,tpt-width10-xxx,Classification (Bucket Size=10),700,2,0.02,1190,1200
sharegpt,tpt-width10-xxx,Classification (Bucket Size=10),701,2,0.02,1180,1190
sharegpt,tpt-width10-xxx,Classification (Bucket Size=10),702,5,0.05,1170,1180
sharegpt,tpt-width10-xxx,Classification (Bucket Size=10),703,6,0.06,1160,1170
sharegpt,tpt-width10-xxx,Classification (Bucket Size=10),704,10,0.1,1150,1160
sharegpt,tpt-width10-xxx,Classification (Bucket Size=10),705,3,0.03,1140,1150
sharegpt,tpt-width10-xxx,Classification (Bucket Size=10),706,11,0.11,1130,1140
sharegpt,tpt-width10-xxx,Classification (Bucket Size=10),707,5,0.05,1120,1130
sharegpt,tpt-width10-xxx,Classification (Bucket Size=10),708,12,0.12,1110,1120
sharegpt,tpt-width10-xxx,Classification (Bucket Size=10),709,6,0.06,1100,1110
sharegpt,tpt-width10-xxx,Classification (Bucket Size=10),710,8,0.08,1090,1100
sharegpt,tpt-width10-xxx,Classification (Bucket Size=10),711,5,0.05,1080,1090
sharegpt,tpt-width10-xxx,Classification (Bucket Size=10),712,8,0.08,1070,1080
sharegpt,tpt-width10-xxx,Classification (Bucket Size=10),713,10,0.1,1060,1070
sharegpt,tpt-width10-xxx,Classification (Bucket Size=10),714,7,0.07,1050,1060
sharegpt,tpt-width10-xxx,Classification (Bucket Size=10),715,14,0.14,1040,1050
sharegpt,tpt-width10-xxx,Classification (Bucket Size=10),716,10,0.1,1030,1040
sharegpt,tpt-width10-xxx,Classification (Bucket Size=10),717,8,0.08,1020,1030
sharegpt,tpt-width10-xxx,Classification (Bucket Size=10),718,15,0.15,1010,1020
sharegpt,tpt-width10-xxx,Classification (Bucket Size=10),719,9,0.09,1000,1010
sharegpt,tpt-width10-xxx,Classification (Bucket Size=10),720,18,0.18,990,1000
sharegpt,tpt-width10-xxx,Classification (Bucket Size=10),721,14,0.14,980,990
sharegpt,tpt-width10-xxx,Classification (Bucket Size=10),722,15,0.15,970,980
sharegpt,tpt-width10-xxx,Classification (Bucket Size=10),723,21,0.21,960,970
sharegpt,tpt-width10-xxx,Classification (Bucket Size=10),724,24,0.24,950,960
sharegpt,tpt-width10-xxx,Classification (Bucket Size=10),725,15,0.15,940,950
sharegpt,tpt-width10-xxx,Classification (Bucket Size=10),726,15,0.15,930,940
sharegpt,tpt-width10-xxx,Classification (Bucket Size=10),727,19,0.19,920,930
sharegpt,tpt-width10-xxx,Classification (Bucket Size=10),728,23,0.23,910,920
sharegpt,tpt-width10-xxx,Classification (Bucket Size=10),729,18,0.18,900,910
sharegpt,tpt-width10-xxx,Classification (Bucket Size=10),730,21,0.21,890,900
sharegpt,tpt-width10-xxx,Classification (Bucket Size=10),731,21,0.21,880,890
sharegpt,tpt-width10-xxx,Classification (Bucket Size=10),732,32,0.32,870,880
sharegpt,tpt-width10-xxx,Classification (Bucket Size=10),733,26,0.26,860,870
sharegpt,tpt-width10-xxx,Classification (Bucket Size=10),734,32,0.32,850,860
sharegpt,tpt-width10-xxx,Classification (Bucket Size=10),735,34,0.34,840,850
sharegpt,tpt-width10-xxx,Classification (Bucket Size=10),736,36,0.36,830,840
sharegpt,tpt-width10-xxx,Classification (Bucket Size=10),737,22,0.22,820,830
sharegpt,tpt-width10-xxx,Classification (Bucket Size=10),738,32,0.32,810,820
sharegpt,tpt-width10-xxx,Classification (Bucket Size=10),739,38,0.38,800,810
sharegpt,tpt-width10-xxx,Classification (Bucket Size=10),740,31,0.31,790,800
sharegpt,tpt-width10-xxx,Classification (Bucket Size=10),741,35,0.35,780,790
sharegpt,tpt-width10-xxx,Classification (Bucket Size=10),742,40,0.4,770,780
sharegpt,tpt-width10-xxx,Classification (Bucket Size=10),743,48,0.48,760,770
sharegpt,tpt-width10-xxx,Classification (Bucket Size=10),744,63,0.63,750,760
sharegpt,tpt-width10-xxx,Classification (Bucket Size=10),745,43,0.43,740,750
sharegpt,tpt-width10-xxx,Classification (Bucket Size=10),746,54,0.54,730,740
sharegpt,tpt-width10-xxx,Classification (Bucket Size=10),747,52,0.52,720,730
sharegpt,tpt-width10-xxx,Classification (Bucket Size=10),748,54,0.54,710,720
sharegpt,tpt-width10-xxx,Classification (Bucket Size=10),749,51,0.51,700,710
sharegpt,tpt-width10-xxx,Classification (Bucket Size=10),750,69,0.69,690,700
sharegpt,tpt-width10-xxx,Classification (Bucket Size=10),751,59,0.59,680,690
sharegpt,tpt-width10-xxx,Classification (Bucket Size=10),752,73,0.73,670,680
sharegpt,tpt-width10-xxx,Classification (Bucket Size=10),753,70,0.7,660,670
sharegpt,tpt-width10-xxx,Classification (Bucket Size=10),754,80,0.8,650,660
sharegpt,tpt-width10-xxx,Classification (Bucket Size=10),755,83,0.83,640,650
sharegpt,tpt-width10-xxx,Classification (Bucket Size=10),756,98,0.98,630,640
sharegpt,tpt-width10-xxx,Classification (Bucket Size=10),757,90,0.9,620,630
sharegpt,tpt-width10-xxx,Classification (Bucket Size=10),758,108,1.08,610,620
sharegpt,tpt-width10-xxx,Classification (Bucket Size=10),759,102,1.02,600,610
sharegpt,tpt-width10-xxx,Classification (Bucket Size=10),760,109,1.09,590,600
sharegpt,tpt-width10-xxx,Classification (Bucket Size=10),761,117,1.17,580,590
sharegpt,tpt-width10-xxx,Classification (Bucket Size=10),762,124,1.24,570,580
sharegpt,tpt-width10-xxx,Classification (Bucket Size=10),763,113,1.13,560,570
sharegpt,tpt-width10-xxx,Classification (Bucket Size=10),764,120,1.2,550,560
sharegpt,tpt-width10-xxx,Classification (Bucket Size=10),765,111,1.11,540,550
sharegpt,tpt-width10-xxx,Classification (Bucket Size=10),766,127,1.27,530,540
sharegpt,tpt-width10-xxx,Classification (Bucket Size=10),767,100,1.0,520,530
sharegpt,tpt-width10-xxx,Classification (Bucket Size=10),768,124,1.24,510,520
sharegpt,tpt-width10-xxx,Classification (Bucket Size=10),769,130,1.3,500,510
sharegpt,tpt-width10-xxx,Classification (Bucket Size=10),770,158,1.58,490,500
sharegpt,tpt-width10-xxx,Classification (Bucket Size=10),771,138,1.38,480,490
sharegpt,tpt-width10-xxx,Classification (Bucket Size=10),772,136,1.36,470,480
sharegpt,tpt-width10-xxx,Classification (Bucket Size=10),773,121,1.21,460,470
sharegpt,tpt-width10-xxx,Classification (Bucket Size=10),774,164,1.64,450,460
sharegpt,tpt-width10-xxx,Classification (Bucket Size=10),775,155,1.55,440,450
sharegpt,tpt-width10-xxx,Classification (Bucket Size=10),776,137,1.37,430,440
sharegpt,tpt-width10-xxx,Classification (Bucket Size=10),777,150,1.5,420,430
sharegpt,tpt-width10-xxx,Classification (Bucket Size=10),778,162,1.62,410,420
sharegpt,tpt-width10-xxx,Classification (Bucket Size=10),779,156,1.56,400,410
sharegpt,tpt-width10-xxx,Classification (Bucket Size=10),780,165,1.65,390,400
sharegpt,tpt-width10-xxx,Classification (Bucket Size=10),781,177,1.77,380,390
sharegpt,tpt-width10-xxx,Classification (Bucket Size=10),782,175,1.75,370,380
sharegpt,tpt-width10-xxx,Classification (Bucket Size=10),783,187,1.87,360,370
sharegpt,tpt-width10-xxx,Classification (Bucket Size=10),784,181,1.81,350,360
sharegpt,tpt-width10-xxx,Classification (Bucket Size=10),785,176,1.76,340,350
sharegpt,tpt-width10-xxx,Classification (Bucket Size=10),786,184,1.84,330,340
sharegpt,tpt-width10-xxx,Classification (Bucket Size=10),787,187,1.87,320,330
sharegpt,tpt-width10-xxx,Classification (Bucket Size=10),788,179,1.79,310,320
sharegpt,tpt-width10-xxx,Classification (Bucket Size=10),789,187,1.87,300,310
sharegpt,tpt-width10-xxx,Classification (Bucket Size=10),790,166,1.66,290,300
sharegpt,tpt-width10-xxx,Classification (Bucket Size=10),791,172,1.72,280,290
sharegpt,tpt-width10-xxx,Classification (Bucket Size=10),792,201,2.01,270,280
sharegpt,tpt-width10-xxx,Classification (Bucket Size=10),793,179,1.79,260,270
sharegpt,tpt-width10-xxx,Classification (Bucket Size=10),794,200,2.0,250,260
sharegpt,tpt-width10-xxx,Classification (Bucket Size=10),795,161,1.61,240,250
sharegpt,tpt-width10-xxx,Classification (Bucket Size=10),796,172,1.72,230,240
sharegpt,tpt-width10-xxx,Classification (Bucket Size=10),797,176,1.76,220,230
sharegpt,tpt-width10-xxx,Classification (Bucket Size=10),798,153,1.53,210,220
sharegpt,tpt-width10-xxx,Classification (Bucket Size=10),799,139,1.39,200,210
sharegpt,tpt-width10-xxx,Classification (Bucket Size=10),800,146,1.46,190,200
sharegpt,tpt-width10-xxx,Classification (Bucket Size=10),801,109,1.09,180,190
sharegpt,tpt-width10-xxx,Classification (Bucket Size=10),802,88,0.88,170,180
sharegpt,tpt-width10-xxx,Classification (Bucket Size=10),803,98,0.98,160,170
sharegpt,tpt-width10-xxx,Classification (Bucket Size=10),804,82,0.82,150,160
sharegpt,tpt-width10-xxx,Classification (Bucket Size=10),805,81,0.81,140,150
sharegpt,tpt-width10-xxx,Classification (Bucket Size=10),806,69,0.69,130,140
sharegpt,tpt-width10-xxx,Classification (Bucket Size=10),807,69,0.69,120,130
sharegpt,tpt-width10-xxx,Classification (Bucket Size=10),808,81,0.81,110,120
sharegpt,tpt-width10-xxx,Classification (Bucket Size=10),809,56,0.56,100,110
sharegpt,tpt-width10-xxx,Classification (Bucket Size=10),810,55,0.55,90,100
sharegpt,tpt-width10-xxx,Classification (Bucket Size=10),811,56,0.56,80,90
sharegpt,tpt-width10-xxx,Classification (Bucket Size=10),812,62,0.62,70,80
sharegpt,tpt-width10-xxx,Classification (Bucket Size=10),813,87,0.87,60,70
sharegpt,tpt-width10-xxx,Classification (Bucket Size=10),814,102,1.02,50,60
sharegpt,tpt-width10-xxx,Classification (Bucket Size=10),815,126,1.26,40,50
sharegpt,tpt-width10-xxx,Classification (Bucket Size=10),816,119,1.19,30,40
sharegpt,tpt-width10-xxx,Classification (Bucket Size=10),817,149,1.49,20,30
sharegpt,tpt-width10-xxx,Classification (Bucket Size=10),818,60,0.6,10,20
sharegpt,tpt-width10-xxx,Classification (Bucket Size=10),819,82,0.82,0,10
sharegpt,tpt-pctl10-xxx,"Classification (Percentile, CE)",0,998,9.98,742,3223
sharegpt,tpt-pctl10-xxx,"Classification (Percentile, CE)",1,997,9.97,605,742
sharegpt,tpt-pctl10-xxx,"Classification (Percentile, CE)",2,990,9.9,518,605
sharegpt,tpt-pctl10-xxx,"Classification (Percentile, CE)",3,1004,10.04,446,518
sharegpt,tpt-pctl10-xxx,"Classification (Percentile, CE)",4,991,9.91,383,446
sharegpt,tpt-pctl10-xxx,"Classification (Percentile, CE)",5,1002,10.02,327,383
sharegpt,tpt-pctl10-xxx,"Classification (Percentile, CE)",6,1005,10.05,272,327
sharegpt,tpt-pctl10-xxx,"Classification (Percentile, CE)",7,1008,10.08,215,272
sharegpt,tpt-pctl10-xxx,"Classification (Percentile, CE)",8,996,9.96,115,215
sharegpt,tpt-pctl10-xxx,"Classification (Percentile, CE)",9,1009,10.09,0,115
sharegpt,tpt-pctl10-mse-xxx,"Classification (Percentile, MSE)",0,998,9.98,742,3223
sharegpt,tpt-pctl10-mse-xxx,"Classification (Percentile, MSE)",1,997,9.97,605,742
sharegpt,tpt-pctl10-mse-xxx,"Classification (Percentile, MSE)",2,990,9.9,518,605
sharegpt,tpt-pctl10-mse-xxx,"Classification (Percentile, MSE)",3,1004,10.04,446,518
sharegpt,tpt-pctl10-mse-xxx,"Classification (Percentile, MSE)",4,991,9.91,383,446
sharegpt,tpt-pctl10-mse-xxx,"Classification (Percentile, MSE)",5,1002,10.02,327,383
sharegpt,tpt-pctl10-mse-xxx,"Classification (Percentile, MSE)",6,1005,10.05,272,327
sharegpt,tpt-pctl10-mse-xxx,"Classification (Percentile, MSE)",7,1008,10.08,215,272
sharegpt,tpt-pctl10-mse-xxx,"Classification (Percentile, MSE)",8,996,9.96,115,215
sharegpt,tpt-pctl10-mse-xxx,"Classification (Percentile, MSE)",9,1009,10.09,0,115
