request_idx,actual_output_len,classification_pred_len,classification_score,ranking_score
0,300,409.5,9.0,0.7417
1,199,409.5,9.0,1.0342
2,199,409.5,9.0,2.2969
3,389,409.5,9.0,3.1816
4,359,409.5,9.0,-2.2988
5,268,409.5,9.0,2.4453
6,488,409.5,9.0,3.3281
7,320,409.5,9.0,1.0186
8,315,409.5,9.0,1.1504
9,549,409.5,9.0,-2.1934
10,209,409.5,9.0,2.9980
11,509,409.5,9.0,-0.5771
12,199,409.5,9.0,1.5049
13,352,409.5,9.0,1.3594
14,685,409.5,9.0,-0.1598
15,573,409.5,9.0,1.4756
16,60,409.5,9.0,5.2891
17,724,1228.5,8.0,-2.6855
18,254,409.5,9.0,2.9980
19,724,409.5,9.0,-0.3916
20,564,409.5,9.0,-0.9609
21,354,409.5,9.0,-2.7559
22,585,409.5,9.0,-2.3867
23,424,409.5,9.0,-2.5273
24,689,409.5,9.0,-1.1553
25,182,409.5,9.0,2.2129
26,25,409.5,9.0,8.0781
27,662,409.5,9.0,-2.8965
28,359,409.5,9.0,-2.6172
29,337,409.5,9.0,0.5322
30,337,409.5,9.0,1.6562
31,495,409.5,9.0,-0.6797
32,351,409.5,9.0,-2.3672
33,335,409.5,9.0,0.8584
34,235,409.5,9.0,-1.3369
35,319,409.5,9.0,2.2207
36,683,409.5,9.0,-2.1562
37,458,409.5,9.0,-1.5928
38,500,409.5,9.0,0.0663
39,41,409.5,9.0,5.8438
40,313,409.5,9.0,2.4531
41,9,409.5,9.0,6.3633
42,383,409.5,9.0,-1.0215
43,206,409.5,9.0,1.0625
44,913,409.5,9.0,-0.1504
45,345,409.5,9.0,1.8574
46,29,409.5,9.0,6.2930
47,1428,409.5,9.0,-1.9922
48,524,409.5,9.0,-3.2402
49,216,409.5,9.0,1.0312
50,1366,1228.5,8.0,-4.1250
51,284,409.5,9.0,1.0068
52,821,409.5,9.0,-3.5586
53,411,409.5,9.0,-0.3916
54,890,409.5,9.0,-3.3926
55,202,409.5,9.0,1.2236
56,190,409.5,9.0,3.9238
57,281,409.5,9.0,0.8711
58,245,409.5,9.0,-0.0377
59,504,409.5,9.0,-0.8042
60,714,409.5,9.0,-0.6001
61,195,409.5,9.0,-0.3823
62,488,409.5,9.0,-0.9937
63,172,409.5,9.0,0.9336
64,372,409.5,9.0,0.9707
65,518,1228.5,8.0,-2.5059
66,243,409.5,9.0,2.5527
67,58,409.5,9.0,5.3672
68,250,409.5,9.0,1.6846
69,806,409.5,9.0,-2.8887
70,93,409.5,9.0,2.1289
71,195,409.5,9.0,1.1631
72,629,1228.5,8.0,-2.9766
73,318,409.5,9.0,1.9258
74,307,409.5,9.0,-1.9990
75,333,409.5,9.0,-1.0674
76,353,409.5,9.0,-0.3184
77,397,1228.5,8.0,-5.2578
78,825,409.5,9.0,-2.7422
79,196,409.5,9.0,5.5664
80,565,409.5,9.0,-2.9688
81,292,409.5,9.0,2.2695
82,227,409.5,9.0,1.1914
83,154,409.5,9.0,0.6235
84,239,409.5,9.0,0.1693
85,559,409.5,9.0,-2.6113
86,881,409.5,9.0,-1.5488
87,252,409.5,9.0,1.9336
88,434,409.5,9.0,0.6841
89,584,409.5,9.0,-4.5195
90,455,409.5,9.0,-1.5312
91,300,409.5,9.0,0.9526
92,711,409.5,9.0,-4.0820
93,873,409.5,9.0,-4.7852
94,528,409.5,9.0,0.1389
95,1101,1228.5,8.0,-5.2383
96,425,409.5,9.0,-1.2100
97,609,409.5,9.0,-2.7793
98,312,409.5,9.0,0.1234
99,511,409.5,9.0,1.0244
100,317,409.5,9.0,2.8594
101,278,409.5,9.0,0.4358
102,56,409.5,9.0,3.4336
103,143,409.5,9.0,1.8740
104,216,409.5,9.0,2.8125
105,367,409.5,9.0,0.7344
106,750,409.5,9.0,-3.1113
107,592,409.5,9.0,-2.8242
108,612,409.5,9.0,-1.0645
109,519,409.5,9.0,-0.5112
110,233,409.5,9.0,1.4111
111,365,409.5,9.0,-0.4402
112,303,409.5,9.0,1.5693
113,185,1228.5,8.0,-3.2793
114,77,409.5,9.0,4.9102
115,251,409.5,9.0,0.7314
116,381,409.5,9.0,-1.0283
117,512,409.5,9.0,0.6182
118,807,409.5,9.0,-1.1494
119,388,409.5,9.0,0.9414
120,129,409.5,9.0,2.5898
121,557,409.5,9.0,-0.4509
122,228,409.5,9.0,0.2766
123,714,409.5,9.0,0.0610
124,189,409.5,9.0,-3.4004
125,446,409.5,9.0,-0.0258
126,65,409.5,9.0,3.9766
127,334,409.5,9.0,-1.1279
128,401,409.5,9.0,0.2115
129,633,409.5,9.0,0.2776
130,15,409.5,9.0,6.3164
131,380,409.5,9.0,1.5488
132,162,409.5,9.0,-3.3691
133,44,409.5,9.0,4.4805
134,1031,409.5,9.0,-3.8809
135,496,409.5,9.0,-1.0947
136,392,409.5,9.0,0.9424
137,677,409.5,9.0,-2.9727
138,416,409.5,9.0,-2.7441
139,134,409.5,9.0,-1.9746
140,146,409.5,9.0,2.9004
141,295,409.5,9.0,1.4189
142,516,409.5,9.0,-1.5381
143,599,409.5,9.0,0.3047
144,564,409.5,9.0,-2.7324
145,226,409.5,9.0,2.0645
146,401,409.5,9.0,1.8506
147,228,409.5,9.0,-0.0471
148,218,409.5,9.0,-1.4639
149,338,409.5,9.0,-0.5371
150,724,409.5,9.0,-1.6494
151,490,409.5,9.0,-1.7939
152,321,409.5,9.0,-0.5293
153,304,409.5,9.0,1.6621
154,418,409.5,9.0,0.7183
155,379,409.5,9.0,1.5098
156,207,409.5,9.0,2.7578
157,278,409.5,9.0,1.3047
158,687,409.5,9.0,-5.1367
159,257,409.5,9.0,1.2246
160,312,409.5,9.0,-1.5244
161,452,409.5,9.0,0.3740
162,127,409.5,9.0,1.8633
163,510,409.5,9.0,-1.5303
164,570,409.5,9.0,-0.0018
165,698,409.5,9.0,-1.1650
166,249,409.5,9.0,1.9463
167,636,409.5,9.0,1.9912
168,637,409.5,9.0,1.3818
169,684,409.5,9.0,-4.1641
170,6333,409.5,9.0,-1.3682
171,332,409.5,9.0,1.7686
172,136,409.5,9.0,3.7266
173,495,409.5,9.0,0.8809
174,97,409.5,9.0,0.0498
175,250,409.5,9.0,1.8359
176,379,409.5,9.0,1.0527
177,452,409.5,9.0,-4.5000
178,232,409.5,9.0,2.6172
179,745,409.5,9.0,-3.1191
180,43,409.5,9.0,6.5469
181,447,409.5,9.0,-0.0438
182,504,409.5,9.0,-1.0625
183,249,409.5,9.0,-2.8398
184,343,409.5,9.0,0.4663
185,45,409.5,9.0,3.3281
186,124,409.5,9.0,4.5625
187,197,409.5,9.0,2.1973
188,229,409.5,9.0,-1.0254
189,309,409.5,9.0,2.1816
190,170,409.5,9.0,3.7617
191,79,409.5,9.0,5.7617
192,1075,1228.5,8.0,-3.6836
193,120,409.5,9.0,3.1523
194,171,409.5,9.0,0.8906
195,569,409.5,9.0,-0.0076
196,231,409.5,9.0,1.9082
197,254,409.5,9.0,2.7383
198,293,409.5,9.0,0.6226
199,74,409.5,9.0,3.5957
200,674,409.5,9.0,-2.9023
201,233,409.5,9.0,2.5215
202,839,409.5,9.0,-2.8242
203,315,409.5,9.0,0.2397
204,360,409.5,9.0,1.8838
205,290,409.5,9.0,0.7861
206,625,409.5,9.0,-3.0781
207,608,409.5,9.0,-3.2930
208,84,409.5,9.0,1.7920
209,271,409.5,9.0,1.5439
210,277,409.5,9.0,0.2374
211,58,409.5,9.0,5.4141
212,231,409.5,9.0,-0.7534
213,198,409.5,9.0,2.4316
214,43,409.5,9.0,4.8633
215,647,409.5,9.0,-4.2461
216,541,409.5,9.0,-0.2803
217,422,409.5,9.0,2.7852
218,311,409.5,9.0,0.5010
219,9,409.5,9.0,1.4355
220,41,409.5,9.0,4.5859
221,539,409.5,9.0,-2.2891
222,264,409.5,9.0,2.3652
223,497,409.5,9.0,1.8398
224,364,409.5,9.0,0.2142
225,293,409.5,9.0,0.4780
226,755,1228.5,8.0,-5.5508
227,321,409.5,9.0,-0.7148
228,663,409.5,9.0,-0.4087
229,475,409.5,9.0,-1.1729
230,1013,409.5,9.0,-4.3047
231,4,409.5,9.0,0.4097
232,110,409.5,9.0,2.5000
233,280,409.5,9.0,2.4043
234,648,409.5,9.0,-0.6304
235,571,409.5,9.0,-4.2617
236,665,409.5,9.0,-2.2422
237,748,409.5,9.0,0.0527
238,236,409.5,9.0,2.1211
239,792,409.5,9.0,-2.4395
240,143,409.5,9.0,4.2578
241,310,409.5,9.0,1.9785
242,328,409.5,9.0,-0.4370
243,456,409.5,9.0,0.2517
244,95,409.5,9.0,3.1738
245,204,409.5,9.0,1.2090
246,852,409.5,9.0,-3.9316
247,439,409.5,9.0,1.8291
248,636,409.5,9.0,-4.4219
249,549,1228.5,8.0,-2.0156
250,406,409.5,9.0,2.2227
251,240,409.5,9.0,0.5342
252,469,409.5,9.0,-2.8066
253,316,409.5,9.0,1.2920
254,133,409.5,9.0,6.1406
255,293,409.5,9.0,0.8965
256,282,409.5,9.0,3.0684
257,897,409.5,9.0,-1.4629
258,286,409.5,9.0,-1.4131
259,26,409.5,9.0,7.8359
260,299,409.5,9.0,1.8516
261,622,1228.5,8.0,-1.6826
262,479,409.5,9.0,0.3936
263,272,409.5,9.0,1.8594
264,298,409.5,9.0,2.7793
265,37,409.5,9.0,2.4609
266,379,409.5,9.0,-2.0527
267,238,409.5,9.0,2.8223
268,274,409.5,9.0,-1.9473
269,397,409.5,9.0,-0.3059
270,578,409.5,9.0,-0.0191
271,544,409.5,9.0,-1.7480
272,283,409.5,9.0,-0.3147
273,372,409.5,9.0,0.9956
274,254,409.5,9.0,1.8643
275,691,409.5,9.0,1.4658
276,377,409.5,9.0,-0.7773
277,241,409.5,9.0,-0.3215
278,651,409.5,9.0,-1.3545
279,723,409.5,9.0,-3.0449
280,352,409.5,9.0,-0.7441
281,193,409.5,9.0,1.2822
282,234,409.5,9.0,1.4189
283,331,409.5,9.0,-0.4788
284,749,409.5,9.0,-2.3828
285,346,409.5,9.0,0.6646
286,305,409.5,9.0,1.1709
287,184,409.5,9.0,2.0156
288,36,409.5,9.0,6.5234
289,187,409.5,9.0,-0.6660
290,401,409.5,9.0,0.7407
291,380,409.5,9.0,-0.2194
292,404,409.5,9.0,3.0391
293,697,409.5,9.0,-1.6924
294,196,409.5,9.0,2.3184
295,304,409.5,9.0,2.6465
296,271,409.5,9.0,-0.0856
297,766,409.5,9.0,-3.6855
298,578,409.5,9.0,-1.9951
299,658,409.5,9.0,-4.0625
300,459,409.5,9.0,0.8770
301,159,409.5,9.0,3.9844
302,339,409.5,9.0,-0.7700
303,477,409.5,9.0,-2.6895
304,589,409.5,9.0,-3.3945
305,399,409.5,9.0,-0.6177
306,335,409.5,9.0,1.2676
307,496,409.5,9.0,-2.1660
308,329,409.5,9.0,0.5244
309,5,409.5,9.0,1.4805
310,513,409.5,9.0,-3.4824
311,634,409.5,9.0,-3.3906
312,22,409.5,9.0,0.2195
313,79,409.5,9.0,-1.8203
314,885,1228.5,8.0,-1.5938
315,285,409.5,9.0,0.4314
316,996,1228.5,8.0,-4.7070
317,374,409.5,9.0,0.7300
318,407,409.5,9.0,0.0661
319,310,409.5,9.0,1.1426
320,403,409.5,9.0,2.1465
321,784,409.5,9.0,-3.0039
322,284,409.5,9.0,1.9551
323,35,409.5,9.0,2.2422
324,134,409.5,9.0,1.0537
325,200,409.5,9.0,0.1926
326,431,409.5,9.0,1.6621
327,41,409.5,9.0,6.2969
328,601,409.5,9.0,-1.8271
329,4,409.5,9.0,-0.2284
330,434,409.5,9.0,0.6392
331,437,409.5,9.0,-1.7109
332,309,409.5,9.0,-2.3242
333,165,409.5,9.0,2.7012
334,328,409.5,9.0,1.1475
335,974,409.5,9.0,-2.4141
336,569,409.5,9.0,-3.0312
337,331,409.5,9.0,2.0645
338,268,409.5,9.0,2.0156
339,462,409.5,9.0,-0.4553
340,655,409.5,9.0,-4.3359
341,26,409.5,9.0,8.0156
342,153,409.5,9.0,-0.4441
343,628,1228.5,8.0,-4.2070
344,233,409.5,9.0,2.1309
345,160,409.5,9.0,5.2969
346,205,409.5,9.0,1.2217
347,454,409.5,9.0,-0.9092
348,333,409.5,9.0,-2.2871
349,457,409.5,9.0,-0.1405
350,525,409.5,9.0,-1.1133
351,313,409.5,9.0,1.1152
352,540,409.5,9.0,-3.0410
353,824,409.5,9.0,-4.0977
354,265,409.5,9.0,1.0186
355,463,409.5,9.0,0.5518
356,17,409.5,9.0,7.0664
357,440,409.5,9.0,0.2634
358,825,409.5,9.0,-1.6611
359,725,409.5,9.0,-2.3301
360,322,409.5,9.0,-0.6851
361,523,409.5,9.0,-2.1016
362,212,409.5,9.0,2.9902
363,13,409.5,9.0,3.0410
364,619,409.5,9.0,-2.9297
365,508,409.5,9.0,-1.2598
366,515,409.5,9.0,-3.0879
367,687,409.5,9.0,0.4272
368,256,409.5,9.0,-0.3616
369,739,409.5,9.0,-1.7461
370,228,409.5,9.0,1.9951
371,347,409.5,9.0,-0.8906
372,235,409.5,9.0,-0.9263
373,597,409.5,9.0,-1.3779
374,287,409.5,9.0,2.1973
375,669,409.5,9.0,-2.3555
376,271,409.5,9.0,1.6807
377,348,409.5,9.0,-3.8652
378,154,409.5,9.0,-0.0469
379,633,409.5,9.0,0.6118
380,246,409.5,9.0,1.9209
381,26,409.5,9.0,8.0156
382,610,409.5,9.0,-2.9648
383,596,409.5,9.0,-2.6797
384,409,409.5,9.0,-2.1895
385,528,409.5,9.0,1.6982
386,828,1228.5,8.0,-7.0625
387,561,409.5,9.0,-1.3818
388,30,409.5,9.0,3.4824
389,586,409.5,9.0,-1.7168
390,412,409.5,9.0,0.4067
391,457,409.5,9.0,0.7959
392,393,409.5,9.0,-1.0996
393,137,409.5,9.0,3.5859
394,378,409.5,9.0,0.0510
395,832,409.5,9.0,-3.3887
396,250,409.5,9.0,1.3076
397,47,409.5,9.0,5.8594
398,290,409.5,9.0,2.9141
399,171,409.5,9.0,1.9639
400,584,409.5,9.0,-4.3867
401,272,409.5,9.0,0.4729
402,759,409.5,9.0,-2.7773
403,344,409.5,9.0,0.3574
404,913,1228.5,8.0,-3.4316
405,310,409.5,9.0,0.7505
406,531,409.5,9.0,-1.8193
407,80,409.5,9.0,2.6621
408,638,1228.5,8.0,-2.7188
409,519,409.5,9.0,-1.9658
410,768,409.5,9.0,-3.2559
411,257,409.5,9.0,0.7764
412,623,409.5,9.0,-0.9604
413,543,1228.5,8.0,-5.4062
414,419,1228.5,8.0,-3.6680
415,583,409.5,9.0,-1.0293
416,314,409.5,9.0,1.5918
417,622,409.5,9.0,-2.8262
418,195,409.5,9.0,0.6089
419,1132,1228.5,8.0,-4.3359
420,112,409.5,9.0,2.9043
421,331,409.5,9.0,0.5088
422,224,409.5,9.0,1.4531
423,413,409.5,9.0,-2.5449
424,348,409.5,9.0,2.2500
425,135,409.5,9.0,3.7188
426,508,409.5,9.0,1.8633
427,288,409.5,9.0,-0.5605
428,737,1228.5,8.0,-4.7070
429,180,409.5,9.0,0.0009
430,24,409.5,9.0,3.3691
431,245,409.5,9.0,-1.3730
432,222,409.5,9.0,0.7256
433,339,409.5,9.0,-0.4319
434,359,1228.5,8.0,-2.4355
435,210,409.5,9.0,-0.1409
436,383,409.5,9.0,1.4150
437,179,409.5,9.0,-0.3394
438,442,409.5,9.0,-1.7920
439,469,409.5,9.0,0.1738
440,668,409.5,9.0,-0.4695
441,418,409.5,9.0,-0.7671
442,198,409.5,9.0,2.6074
443,600,409.5,9.0,-1.0879
444,259,409.5,9.0,-3.5332
445,227,409.5,9.0,-1.2090
446,507,409.5,9.0,1.2461
447,897,409.5,9.0,2.4590
448,1005,1228.5,8.0,-4.4062
449,363,409.5,9.0,1.3760
450,280,409.5,9.0,-2.2676
451,964,409.5,9.0,-2.5605
452,646,409.5,9.0,-1.8447
453,598,1228.5,8.0,-4.3008
454,675,409.5,9.0,1.0859
455,17,1228.5,8.0,-3.2520
456,266,409.5,9.0,0.8364
457,781,1228.5,8.0,-2.0527
458,429,409.5,9.0,0.0325
459,296,409.5,9.0,4.1719
460,378,409.5,9.0,-0.7349
461,702,409.5,9.0,-0.1484
462,587,409.5,9.0,1.0469
463,419,409.5,9.0,-1.4209
464,357,409.5,9.0,-0.7334
465,389,409.5,9.0,0.5317
466,460,409.5,9.0,1.6045
467,198,409.5,9.0,1.7354
468,267,409.5,9.0,-0.8931
469,167,409.5,9.0,0.4529
470,641,1228.5,8.0,-3.0781
471,687,409.5,9.0,-1.6436
472,484,409.5,9.0,-1.1650
473,418,409.5,9.0,-0.6279
474,138,409.5,9.0,1.9365
475,341,409.5,9.0,1.5889
476,356,409.5,9.0,1.3887
477,325,409.5,9.0,2.5527
478,505,409.5,9.0,1.4580
479,406,409.5,9.0,-0.8247
480,653,409.5,9.0,-3.4043
481,724,1228.5,8.0,-4.4648
482,310,1228.5,8.0,-3.1973
483,463,409.5,9.0,0.2384
484,1278,409.5,9.0,-3.1699
485,40,409.5,9.0,5.7305
486,584,409.5,9.0,-1.8525
487,474,409.5,9.0,-2.6621
488,545,409.5,9.0,-3.3691
489,539,409.5,9.0,-1.6494
490,414,409.5,9.0,-1.0986
491,6,409.5,9.0,4.4609
492,434,409.5,9.0,3.0488
493,346,409.5,9.0,1.2139
494,33,409.5,9.0,2.5312
495,523,409.5,9.0,1.1221
496,796,409.5,9.0,0.3403
497,345,409.5,9.0,2.3457
498,521,409.5,9.0,-2.3945
499,581,409.5,9.0,-3.6719
500,322,409.5,9.0,-0.2263
501,989,409.5,9.0,-2.8398
502,594,409.5,9.0,0.5635
503,281,409.5,9.0,1.3545
504,163,409.5,9.0,2.1523
505,322,409.5,9.0,0.4116
506,269,409.5,9.0,-1.9922
507,356,409.5,9.0,0.4641
508,431,409.5,9.0,-2.1211
509,520,409.5,9.0,-3.0195
510,255,409.5,9.0,2.5020
511,193,409.5,9.0,2.0840
512,364,409.5,9.0,-0.4290
513,205,409.5,9.0,2.3711
514,930,1228.5,8.0,-3.7168
515,473,409.5,9.0,-0.0361
516,393,409.5,9.0,0.5894
517,238,409.5,9.0,2.1035
518,1252,409.5,9.0,3.0859
519,687,409.5,9.0,-3.6738
520,268,409.5,9.0,2.9180
521,604,409.5,9.0,1.3906
522,837,1228.5,8.0,-4.0898
523,77,409.5,9.0,-1.9434
524,278,409.5,9.0,1.2803
525,730,409.5,9.0,-2.6777
526,199,409.5,9.0,1.2607
527,236,409.5,9.0,1.3252
528,355,409.5,9.0,-1.2754
529,61,409.5,9.0,0.2874
530,477,409.5,9.0,-0.4138
531,201,409.5,9.0,0.2118
532,309,409.5,9.0,1.7217
533,404,409.5,9.0,0.5083
534,352,409.5,9.0,0.0039
535,861,1228.5,8.0,-2.5918
536,641,409.5,9.0,-3.2031
537,725,409.5,9.0,-3.3418
538,978,1228.5,8.0,-3.6191
539,234,409.5,9.0,0.8022
540,292,409.5,9.0,4.0430
541,24,409.5,9.0,6.0781
542,657,1228.5,8.0,-4.3750
543,1136,409.5,9.0,-1.0586
544,313,409.5,9.0,0.8301
545,305,409.5,9.0,0.3337
546,227,409.5,9.0,2.0742
547,476,409.5,9.0,0.3374
548,298,409.5,9.0,-1.6660
549,25,409.5,9.0,8.0781
550,310,409.5,9.0,1.1182
551,600,1228.5,8.0,-3.7578
552,356,409.5,9.0,1.6309
553,257,409.5,9.0,-1.1182
554,325,409.5,9.0,0.5835
555,199,409.5,9.0,0.0674
556,379,409.5,9.0,1.7207
557,476,409.5,9.0,-3.1387
558,463,409.5,9.0,-1.4131
559,422,409.5,9.0,1.1807
560,392,409.5,9.0,0.0073
561,582,409.5,9.0,-1.2588
562,442,409.5,9.0,-0.7275
563,270,409.5,9.0,0.1973
564,153,409.5,9.0,1.5879
565,240,409.5,9.0,0.2781
566,879,1228.5,8.0,-6.1953
567,520,409.5,9.0,-0.3726
568,266,409.5,9.0,3.8164
569,5,409.5,9.0,6.2734
570,212,409.5,9.0,1.4658
571,864,409.5,9.0,-0.9028
572,533,409.5,9.0,-2.4961
573,497,409.5,9.0,-3.1289
574,216,409.5,9.0,5.9922
575,909,409.5,9.0,-3.6094
576,197,409.5,9.0,1.7803
577,267,409.5,9.0,-0.5654
578,138,409.5,9.0,3.6816
579,318,409.5,9.0,0.2104
580,950,409.5,9.0,-1.3340
581,55,409.5,9.0,1.1680
582,225,409.5,9.0,2.5605
583,396,409.5,9.0,-1.2227
584,580,409.5,9.0,-2.0293
585,75,409.5,9.0,0.1236
586,309,409.5,9.0,1.0410
587,297,409.5,9.0,0.1008
588,726,409.5,9.0,-3.0586
589,533,409.5,9.0,0.1379
590,711,409.5,9.0,-1.7861
591,1018,409.5,9.0,-2.2539
592,518,409.5,9.0,-1.6387
593,304,409.5,9.0,-0.9624
594,765,409.5,9.0,-2.1992
595,591,409.5,9.0,-2.7949
596,659,409.5,9.0,-4.0664
597,327,409.5,9.0,-1.9551
598,347,409.5,9.0,0.3950
599,235,409.5,9.0,1.7539
600,165,409.5,9.0,-0.3491
601,494,409.5,9.0,-5.1523
602,370,409.5,9.0,0.8481
603,89,409.5,9.0,-1.6826
604,584,409.5,9.0,-0.6885
605,362,409.5,9.0,0.3640
606,57,409.5,9.0,1.1758
607,512,409.5,9.0,-0.5938
608,388,409.5,9.0,-0.4412
609,652,409.5,9.0,-3.3926
610,218,409.5,9.0,3.1445
611,676,1228.5,8.0,-3.4492
612,106,409.5,9.0,2.6348
613,549,409.5,9.0,-2.1895
614,603,409.5,9.0,-1.2783
615,209,409.5,9.0,1.2705
616,502,409.5,9.0,-2.4043
617,28,409.5,9.0,6.6250
618,637,409.5,9.0,-2.8613
619,738,409.5,9.0,-1.1953
620,73,409.5,9.0,2.2930
621,392,409.5,9.0,-2.0098
622,591,1228.5,8.0,-3.4902
623,273,409.5,9.0,-1.0674
624,50,409.5,9.0,2.2500
625,519,409.5,9.0,-4.4453
626,215,409.5,9.0,1.2607
627,647,1228.5,8.0,0.8379
628,360,409.5,9.0,-2.2383
629,196,409.5,9.0,1.9873
630,609,409.5,9.0,-0.4780
631,522,409.5,9.0,-2.5527
632,703,409.5,9.0,-3.3340
633,301,409.5,9.0,2.2617
634,61,409.5,9.0,6.0898
635,61,409.5,9.0,4.2539
636,349,409.5,9.0,2.6992
637,321,409.5,9.0,0.6904
638,176,409.5,9.0,1.1455
639,89,409.5,9.0,-1.0645
640,522,409.5,9.0,-1.9287
641,338,409.5,9.0,0.3237
642,175,409.5,9.0,0.7529
643,277,409.5,9.0,0.7393
644,503,409.5,9.0,-1.5703
645,713,409.5,9.0,-1.6123
646,1138,409.5,9.0,1.8193
647,724,409.5,9.0,-1.0254
648,194,409.5,9.0,-0.6709
649,544,409.5,9.0,-1.2529
650,405,409.5,9.0,-0.9722
651,390,409.5,9.0,-1.2822
652,478,409.5,9.0,0.2778
653,338,409.5,9.0,-1.8213
654,429,409.5,9.0,-1.8076
655,697,409.5,9.0,-1.8145
656,41,409.5,9.0,6.1367
657,276,409.5,9.0,-2.2480
658,223,409.5,9.0,2.9980
659,244,409.5,9.0,-2.4414
660,418,409.5,9.0,0.2551
661,563,409.5,9.0,-3.3652
662,258,409.5,9.0,-0.3501
663,103,409.5,9.0,-0.3921
664,216,409.5,9.0,0.8115
665,297,409.5,9.0,4.2539
666,223,409.5,9.0,1.2090
667,935,409.5,9.0,-3.2656
668,617,409.5,9.0,0.6689
669,475,409.5,9.0,0.4438
670,391,409.5,9.0,-1.0137
671,518,409.5,9.0,-2.6816
672,539,409.5,9.0,0.5420
673,264,409.5,9.0,1.5654
674,333,409.5,9.0,2.7910
675,362,409.5,9.0,0.4248
676,842,409.5,9.0,-0.1270
677,440,409.5,9.0,-2.1426
678,232,409.5,9.0,2.1230
679,14,409.5,9.0,1.6270
680,485,409.5,9.0,-2.8770
681,573,409.5,9.0,-0.3066
682,777,409.5,9.0,0.4607
683,641,409.5,9.0,-1.8174
684,194,409.5,9.0,-1.9326
685,538,409.5,9.0,0.8843
686,183,409.5,9.0,3.7246
687,410,409.5,9.0,0.9053
688,464,409.5,9.0,-3.4375
689,243,409.5,9.0,0.1162
690,393,409.5,9.0,1.1426
691,460,409.5,9.0,-1.7930
692,318,409.5,9.0,1.9326
693,588,409.5,9.0,-2.6016
694,435,409.5,9.0,-2.1230
695,60,409.5,9.0,3.9551
696,209,409.5,9.0,3.9746
697,633,409.5,9.0,-3.5703
698,379,409.5,9.0,-0.3872
699,132,409.5,9.0,-0.9917
700,351,409.5,9.0,-1.8428
701,678,409.5,9.0,-2.4902
702,212,409.5,9.0,3.2207
703,264,409.5,9.0,3.4141
704,409,409.5,9.0,1.8389
705,931,1228.5,8.0,-5.0859
706,994,409.5,9.0,-5.1523
707,581,409.5,9.0,-2.6094
708,439,409.5,9.0,0.9316
709,409,409.5,9.0,-0.8950
710,790,409.5,9.0,-0.9810
711,450,409.5,9.0,-0.5659
712,69,409.5,9.0,4.0273
713,325,409.5,9.0,0.5562
714,334,409.5,9.0,0.5103
715,484,1228.5,8.0,-3.6777
716,66,409.5,9.0,2.3379
717,261,409.5,9.0,1.8906
718,339,409.5,9.0,1.3057
719,670,409.5,9.0,-2.8926
720,711,409.5,9.0,-0.4297
721,56,409.5,9.0,6.6289
722,40,409.5,9.0,6.6914
723,599,409.5,9.0,-3.0195
724,559,1228.5,8.0,-2.6660
725,309,409.5,9.0,1.4385
726,487,409.5,9.0,-2.9375
727,1068,409.5,9.0,-1.2695
728,999,409.5,9.0,-3.3516
729,29,409.5,9.0,6.6680
730,409,409.5,9.0,-0.8218
731,907,409.5,9.0,-1.1943
732,696,409.5,9.0,-3.9980
733,263,409.5,9.0,1.2744
734,406,409.5,9.0,-3.9648
735,357,409.5,9.0,0.9849
736,323,409.5,9.0,0.5537
737,149,409.5,9.0,2.4375
738,224,409.5,9.0,0.8130
739,399,409.5,9.0,-0.2659
740,182,409.5,9.0,2.2402
741,24,409.5,9.0,7.1172
742,651,409.5,9.0,1.2432
743,497,409.5,9.0,-2.1699
744,538,409.5,9.0,-1.6572
745,320,409.5,9.0,-3.1289
746,578,409.5,9.0,-3.0547
747,389,409.5,9.0,-0.3481
748,750,409.5,9.0,-3.5566
749,625,409.5,9.0,-0.6187
750,309,409.5,9.0,0.8345
751,536,409.5,9.0,-1.8379
752,54,409.5,9.0,6.5938
753,379,409.5,9.0,2.5117
754,45,409.5,9.0,0.0730
755,195,409.5,9.0,0.3933
756,227,409.5,9.0,-0.8506
757,641,409.5,9.0,-3.2285
758,369,409.5,9.0,0.2866
759,163,409.5,9.0,0.3242
760,637,409.5,9.0,-1.4736
761,306,409.5,9.0,1.7207
762,422,409.5,9.0,-2.7676
763,510,409.5,9.0,-2.1973
764,160,409.5,9.0,2.4062
765,211,409.5,9.0,2.2109
766,25,409.5,9.0,8.0781
767,383,409.5,9.0,-0.2224
768,162,409.5,9.0,2.6250
769,1271,1228.5,8.0,-6.1523
770,540,409.5,9.0,-0.9165
771,674,409.5,9.0,-4.1758
772,303,409.5,9.0,-0.6060
773,306,409.5,9.0,-1.7783
774,511,409.5,9.0,-2.8223
775,82,409.5,9.0,3.0312
776,436,409.5,9.0,-0.5747
777,493,409.5,9.0,-1.3809
778,679,409.5,9.0,-3.8574
779,268,409.5,9.0,0.7686
780,307,409.5,9.0,0.7759
781,202,409.5,9.0,-0.3682
782,423,409.5,9.0,-0.3770
783,277,409.5,9.0,-0.9331
784,504,409.5,9.0,-2.0762
785,256,409.5,9.0,1.6182
786,400,409.5,9.0,-1.0752
787,730,409.5,9.0,-3.6973
788,357,409.5,9.0,1.3525
789,241,409.5,9.0,0.5693
790,571,409.5,9.0,-2.6191
791,335,409.5,9.0,-0.5884
792,91,409.5,9.0,5.7617
793,529,409.5,9.0,1.7305
794,19,409.5,9.0,1.7637
795,376,409.5,9.0,-3.5527
796,437,409.5,9.0,-1.2227
797,4,409.5,9.0,1.7803
798,326,409.5,9.0,-0.1537
799,2158,1228.5,8.0,-2.3965
800,574,409.5,9.0,-0.0263
801,266,409.5,9.0,0.5791
802,293,409.5,9.0,0.3792
803,374,409.5,9.0,0.9780
804,434,409.5,9.0,2.6094
805,26,409.5,9.0,5.8516
806,508,409.5,9.0,-1.0264
807,345,409.5,9.0,0.4761
808,280,409.5,9.0,0.4324
809,356,409.5,9.0,0.2120
810,149,409.5,9.0,1.4395
811,306,409.5,9.0,0.6733
812,737,409.5,9.0,-0.8804
813,250,409.5,9.0,-1.0879
814,646,409.5,9.0,-1.8174
815,331,409.5,9.0,1.2197
816,541,409.5,9.0,-2.9648
817,229,409.5,9.0,3.5176
818,367,409.5,9.0,-0.1210
819,620,1228.5,8.0,-2.9863
820,376,409.5,9.0,1.6309
821,356,409.5,9.0,0.1292
822,160,409.5,9.0,1.1182
823,648,409.5,9.0,-3.0488
824,734,409.5,9.0,1.9814
825,81,409.5,9.0,4.8867
826,826,409.5,9.0,-0.2256
827,274,409.5,9.0,2.1758
828,315,409.5,9.0,2.4629
829,328,409.5,9.0,-0.9233
830,595,409.5,9.0,-1.5439
831,681,409.5,9.0,-1.4492
832,893,409.5,9.0,-4.1602
833,746,409.5,9.0,-3.5508
834,354,409.5,9.0,1.2021
835,580,409.5,9.0,-2.5137
836,303,409.5,9.0,-1.0371
837,192,409.5,9.0,2.2480
838,682,409.5,9.0,-3.1621
839,574,409.5,9.0,2.3145
840,366,409.5,9.0,0.6758
841,505,409.5,9.0,-1.8398
842,315,409.5,9.0,1.3320
843,7,409.5,9.0,0.6274
844,323,409.5,9.0,-0.2876
845,204,409.5,9.0,2.4629
846,261,409.5,9.0,-2.9863
847,604,1228.5,8.0,-2.1797
848,397,409.5,9.0,-0.5854
849,178,409.5,9.0,-0.3552
850,311,409.5,9.0,0.9463
851,719,1228.5,8.0,-3.9453
852,550,409.5,9.0,-0.9482
853,1578,1228.5,8.0,-5.4766
854,594,409.5,9.0,-3.9883
855,194,409.5,9.0,3.2949
856,258,409.5,9.0,2.0586
857,43,409.5,9.0,4.3633
858,641,409.5,9.0,-3.6758
859,206,409.5,9.0,1.1914
860,391,409.5,9.0,0.7944
861,409,409.5,9.0,-0.2220
862,1164,409.5,9.0,-0.6880
863,106,409.5,9.0,1.0703
864,398,409.5,9.0,0.8096
865,575,409.5,9.0,-1.9463
866,912,1228.5,8.0,-3.2949
867,597,409.5,9.0,-4.0234
868,173,409.5,9.0,1.1201
869,491,1228.5,8.0,-3.0840
870,313,409.5,9.0,0.8765
871,194,409.5,9.0,2.4219
872,220,1228.5,8.0,-0.6973
873,26,409.5,9.0,8.0156
874,938,409.5,9.0,0.1865
875,64,409.5,9.0,6.2969
876,484,409.5,9.0,-2.1445
877,387,409.5,9.0,-2.3477
878,389,409.5,9.0,1.2373
879,523,409.5,9.0,-0.7554
880,477,409.5,9.0,-0.5264
881,738,409.5,9.0,-0.9409
882,488,409.5,9.0,2.5449
883,684,409.5,9.0,-3.0938
884,324,409.5,9.0,1.4014
885,238,409.5,9.0,-1.5449
886,768,409.5,9.0,-3.2070
887,1167,409.5,9.0,-1.3721
888,25,409.5,9.0,7.8867
889,239,409.5,9.0,0.1763
890,293,409.5,9.0,0.1519
891,269,409.5,9.0,-1.2305
892,968,1228.5,8.0,-2.2344
893,932,409.5,9.0,-3.4473
894,521,409.5,9.0,0.7705
895,292,409.5,9.0,1.0391
896,181,409.5,9.0,3.3418
897,173,409.5,9.0,4.1406
898,113,409.5,9.0,2.9160
899,296,409.5,9.0,3.2871
900,269,409.5,9.0,-1.2432
901,1645,409.5,9.0,-3.1406
902,357,409.5,9.0,-0.7700
903,243,409.5,9.0,2.3613
904,163,409.5,9.0,1.6133
905,471,409.5,9.0,0.6694
906,255,409.5,9.0,2.4180
907,354,409.5,9.0,1.0723
908,244,409.5,9.0,1.8223
909,377,409.5,9.0,-1.8604
910,94,409.5,9.0,1.9473
911,309,409.5,9.0,1.9863
912,554,409.5,9.0,-2.6270
913,573,409.5,9.0,-3.1309
914,517,409.5,9.0,0.6616
915,565,409.5,9.0,-0.7109
916,656,409.5,9.0,-0.7036
917,452,409.5,9.0,-1.7988
918,570,409.5,9.0,-2.9766
919,161,409.5,9.0,4.4570
920,298,409.5,9.0,0.3804
921,253,409.5,9.0,1.9277
922,355,409.5,9.0,-0.7715
923,106,409.5,9.0,2.8184
924,260,409.5,9.0,-1.1367
925,374,409.5,9.0,0.0161
926,583,409.5,9.0,-2.4902
927,53,409.5,9.0,5.5117
928,564,409.5,9.0,1.3955
929,233,409.5,9.0,0.0610
930,877,409.5,9.0,-3.4395
931,513,409.5,9.0,-0.9639
932,224,409.5,9.0,1.3691
933,385,409.5,9.0,1.3984
934,671,409.5,9.0,-0.3765
935,378,409.5,9.0,2.5137
936,340,409.5,9.0,-3.2051
937,611,409.5,9.0,-4.3867
938,390,409.5,9.0,-0.2566
939,234,409.5,9.0,0.3032
940,323,409.5,9.0,-1.3662
941,351,409.5,9.0,1.7627
942,244,409.5,9.0,2.9219
943,419,409.5,9.0,0.8442
944,543,409.5,9.0,-0.7480
945,666,409.5,9.0,0.9858
946,487,409.5,9.0,-0.2091
947,374,409.5,9.0,2.9492
948,272,409.5,9.0,0.9478
949,230,409.5,9.0,1.9473
950,537,409.5,9.0,-0.4800
951,192,409.5,9.0,2.2930
952,535,409.5,9.0,-0.3901
953,486,409.5,9.0,-2.0566
954,600,409.5,9.0,-0.8350
955,1484,409.5,9.0,-3.9805
956,693,409.5,9.0,-4.4844
957,72,409.5,9.0,1.5732
958,247,409.5,9.0,-0.4670
959,372,409.5,9.0,-1.4180
960,243,409.5,9.0,-1.1689
961,399,409.5,9.0,1.5049
962,571,409.5,9.0,-4.8750
963,679,409.5,9.0,-4.0117
964,463,409.5,9.0,-3.8359
965,1027,409.5,9.0,-3.2773
966,232,409.5,9.0,2.5039
967,161,409.5,9.0,0.4316
968,223,409.5,9.0,1.0811
969,262,409.5,9.0,1.8672
970,219,409.5,9.0,1.2637
971,264,409.5,9.0,0.2942
972,549,409.5,9.0,-3.9805
973,674,409.5,9.0,-3.4766
974,194,409.5,9.0,1.9521
975,430,409.5,9.0,1.0664
976,328,409.5,9.0,0.3892
977,341,409.5,9.0,-0.6670
978,541,409.5,9.0,-2.8574
979,191,409.5,9.0,-0.1576
980,46,409.5,9.0,7.0664
981,523,409.5,9.0,-0.3132
982,377,409.5,9.0,-1.5625
983,446,409.5,9.0,-3.9746
984,53,409.5,9.0,6.2969
985,829,409.5,9.0,-3.4336
986,679,409.5,9.0,-4.3281
987,455,409.5,9.0,-1.6084
988,741,409.5,9.0,-2.1797
989,400,409.5,9.0,-0.2158
990,335,409.5,9.0,-1.5449
991,237,409.5,9.0,1.7061
992,469,409.5,9.0,-1.7148
993,256,409.5,9.0,-3.1797
994,426,409.5,9.0,0.3945
995,118,409.5,9.0,-0.0535
996,422,409.5,9.0,-3.4512
997,591,409.5,9.0,-4.4141
998,227,409.5,9.0,0.2430
999,51,409.5,9.0,1.5752
1000,430,409.5,9.0,-2.3203
1001,419,409.5,9.0,-0.1714
1002,114,409.5,9.0,2.9258
1003,246,409.5,9.0,-0.5225
1004,1031,409.5,9.0,-2.7949
1005,289,409.5,9.0,3.4492
1006,43,409.5,9.0,6.2656
1007,677,409.5,9.0,-3.9336
1008,631,409.5,9.0,-1.3174
1009,233,409.5,9.0,0.8716
1010,43,409.5,9.0,5.5977
1011,152,409.5,9.0,-0.7593
1012,266,409.5,9.0,0.0268
1013,456,409.5,9.0,1.5684
1014,603,409.5,9.0,-2.4590
1015,333,409.5,9.0,-1.6797
1016,138,409.5,9.0,-0.2313
1017,257,409.5,9.0,1.4473
1018,548,409.5,9.0,-4.5156
1019,907,409.5,9.0,-4.0195
1020,372,409.5,9.0,-3.0234
1021,462,409.5,9.0,-0.8247
1022,358,409.5,9.0,0.8496
1023,427,409.5,9.0,3.4199
1024,266,409.5,9.0,1.8125
1025,279,409.5,9.0,-0.8506
1026,1063,409.5,9.0,-2.9141
1027,669,409.5,9.0,-3.9316
1028,408,409.5,9.0,1.8994
1029,233,409.5,9.0,1.8633
1030,710,409.5,9.0,-1.5869
1031,172,409.5,9.0,-1.3994
1032,343,409.5,9.0,0.1094
1033,553,409.5,9.0,-4.0469
1034,472,409.5,9.0,0.2810
1035,657,409.5,9.0,-3.4668
1036,272,409.5,9.0,-0.1571
1037,374,409.5,9.0,-0.6030
1038,44,409.5,9.0,5.5469
1039,603,409.5,9.0,-1.8096
1040,1051,409.5,9.0,-1.5605
1041,666,409.5,9.0,-2.8984
1042,944,409.5,9.0,-5.0938
1043,207,409.5,9.0,3.8242
1044,630,409.5,9.0,-2.6582
1045,4,409.5,9.0,1.1182
1046,371,409.5,9.0,-1.1895
1047,274,409.5,9.0,2.2891
1048,242,409.5,9.0,2.5410
1049,273,1228.5,8.0,0.4419
1050,4,409.5,9.0,5.7109
1051,286,409.5,9.0,-1.5273
1052,312,409.5,9.0,-0.2289
1053,253,409.5,9.0,0.0270
1054,539,409.5,9.0,-0.7461
1055,366,409.5,9.0,0.1218
1056,429,409.5,9.0,-1.7383
1057,380,409.5,9.0,-1.7881
1058,552,409.5,9.0,-3.2383
1059,657,409.5,9.0,-0.8247
1060,246,409.5,9.0,0.2661
1061,525,409.5,9.0,1.0039
1062,48,409.5,9.0,2.3164
1063,56,409.5,9.0,3.7148
1064,375,409.5,9.0,2.7871
1065,941,1228.5,8.0,-4.6055
1066,360,409.5,9.0,1.0273
1067,550,409.5,9.0,1.8623
1068,343,409.5,9.0,0.2891
1069,511,409.5,9.0,-1.2090
1070,52,409.5,9.0,2.9043
1071,381,409.5,9.0,0.8364
1072,246,409.5,9.0,2.2695
1073,790,409.5,9.0,-2.8867
1074,295,409.5,9.0,1.4092
1075,362,409.5,9.0,1.5068
1076,391,409.5,9.0,0.9839
1077,470,409.5,9.0,-0.7363
1078,467,409.5,9.0,1.9756
1079,343,409.5,9.0,-1.2002
1080,329,409.5,9.0,0.1382
1081,397,409.5,9.0,-0.9839
1082,385,409.5,9.0,-1.7188
1083,536,409.5,9.0,-1.2490
1084,629,409.5,9.0,-2.2422
1085,593,409.5,9.0,-1.4688
1086,574,409.5,9.0,-2.5410
1087,798,1228.5,8.0,-3.5625
1088,96,409.5,9.0,1.0947
1089,1680,1228.5,8.0,-2.9082
1090,220,409.5,9.0,2.4219
1091,273,409.5,9.0,1.6182
1092,755,409.5,9.0,-1.8652
1093,166,409.5,9.0,2.0449
1094,353,409.5,9.0,-0.3994
1095,604,409.5,9.0,-2.8867
1096,195,409.5,9.0,1.0146
1097,17,409.5,9.0,8.0391
1098,521,409.5,9.0,-1.7891
1099,271,409.5,9.0,1.9404
1100,71,409.5,9.0,6.7422
1101,405,409.5,9.0,1.0088
1102,242,409.5,9.0,1.5957
1103,462,409.5,9.0,-2.2812
1104,1008,409.5,9.0,-0.5747
1105,553,409.5,9.0,-3.7051
1106,403,409.5,9.0,-1.1553
1107,163,409.5,9.0,3.4824
1108,745,409.5,9.0,-1.3574
1109,446,409.5,9.0,-0.0329
1110,25,409.5,9.0,0.6094
1111,51,409.5,9.0,5.8945
1112,553,409.5,9.0,-2.2148
1113,428,409.5,9.0,1.2246
1114,635,1228.5,8.0,-2.0371
1115,269,409.5,9.0,1.3350
1116,491,409.5,9.0,-3.6758
1117,5,409.5,9.0,7.0781
1118,249,409.5,9.0,1.4619
1119,531,409.5,9.0,-3.3516
1120,251,409.5,9.0,1.1064
1121,427,409.5,9.0,-3.1719
1122,452,409.5,9.0,-1.9336
1123,316,409.5,9.0,-0.4651
1124,343,409.5,9.0,0.2052
1125,547,409.5,9.0,3.6270
1126,539,409.5,9.0,-0.7534
1127,1168,1228.5,8.0,-5.5078
1128,276,409.5,9.0,1.6338
1129,30,409.5,9.0,3.4863
1130,480,409.5,9.0,0.4358
1131,269,409.5,9.0,1.1318
1132,404,409.5,9.0,0.2693
1133,394,409.5,9.0,0.3447
1134,33,409.5,9.0,5.2852
1135,471,409.5,9.0,-0.1135
1136,460,409.5,9.0,0.8877
1137,410,409.5,9.0,1.5664
1138,242,409.5,9.0,0.1959
1139,808,409.5,9.0,-2.7012
1140,522,409.5,9.0,0.7451
1141,1123,1228.5,8.0,-5.2148
1142,209,409.5,9.0,1.4316
1143,928,1228.5,8.0,-4.7422
1144,665,1228.5,8.0,-3.1348
1145,264,409.5,9.0,-0.0143
1146,555,409.5,9.0,-0.7710
1147,318,409.5,9.0,1.5977
1148,585,409.5,9.0,-1.7520
1149,534,409.5,9.0,-1.1934
1150,570,409.5,9.0,-2.8789
1151,478,409.5,9.0,-1.8105
1152,443,409.5,9.0,0.0756
1153,455,409.5,9.0,-0.9126
1154,228,409.5,9.0,3.2930
1155,366,409.5,9.0,-0.2278
1156,134,409.5,9.0,3.4531
1157,283,409.5,9.0,1.0820
1158,395,409.5,9.0,1.5947
1159,521,409.5,9.0,-2.8125
1160,285,409.5,9.0,3.1172
1161,164,409.5,9.0,5.2969
1162,39,409.5,9.0,4.5938
1163,378,409.5,9.0,-2.2949
1164,111,409.5,9.0,3.4629
1165,505,1228.5,8.0,-3.7227
1166,288,409.5,9.0,2.0391
1167,651,409.5,9.0,-3.1328
1168,605,409.5,9.0,-2.7324
1169,700,409.5,9.0,-3.1680
1170,1243,1228.5,8.0,-3.6289
1171,377,409.5,9.0,-2.7832
1172,623,409.5,9.0,0.4727
1173,312,409.5,9.0,-2.3203
1174,1319,1228.5,8.0,-6.1797
1175,658,409.5,9.0,-0.1237
1176,189,409.5,9.0,1.0889
1177,31,409.5,9.0,0.9282
1178,477,409.5,9.0,-2.1699
1179,358,409.5,9.0,-2.8027
1180,247,409.5,9.0,1.0654
1181,371,409.5,9.0,1.3535
1182,104,409.5,9.0,-3.0469
1183,294,409.5,9.0,0.7627
1184,360,409.5,9.0,1.7100
1185,260,409.5,9.0,0.2617
1186,1129,1228.5,8.0,-5.4688
1187,543,409.5,9.0,-2.3184
1188,464,409.5,9.0,-1.3740
1189,793,409.5,9.0,-2.0566
1190,452,409.5,9.0,-3.6699
1191,509,409.5,9.0,-2.1074
1192,1006,1228.5,8.0,-4.1797
1193,801,409.5,9.0,-0.0297
1194,414,409.5,9.0,-0.2573
1195,723,409.5,9.0,-1.6641
1196,488,409.5,9.0,-1.7148
1197,59,409.5,9.0,5.7500
1198,486,409.5,9.0,-3.3926
1199,741,1228.5,8.0,-4.2188
1200,585,409.5,9.0,-3.0000
1201,429,409.5,9.0,-0.5854
1202,439,409.5,9.0,-0.7324
1203,340,1228.5,8.0,-4.0586
1204,309,409.5,9.0,0.5444
1205,409,409.5,9.0,0.5527
1206,298,409.5,9.0,-0.9453
1207,46,409.5,9.0,0.9092
1208,364,409.5,9.0,3.5820
1209,593,409.5,9.0,-1.3672
1210,743,409.5,9.0,-2.8906
1211,188,409.5,9.0,5.2383
1212,736,409.5,9.0,-1.8818
1213,407,409.5,9.0,-0.8218
1214,566,409.5,9.0,-0.5410
1215,642,409.5,9.0,-3.8516
1216,26,409.5,9.0,8.0156
1217,903,409.5,9.0,-3.9355
1218,300,409.5,9.0,0.1580
1219,376,409.5,9.0,0.0703
1220,257,409.5,9.0,1.7617
1221,542,409.5,9.0,-2.7031
1222,373,409.5,9.0,0.6143
1223,370,409.5,9.0,0.6895
1224,257,409.5,9.0,1.1807
1225,405,409.5,9.0,0.7886
1226,130,409.5,9.0,0.6885
1227,430,409.5,9.0,-3.5684
1228,559,409.5,9.0,-1.3252
1229,643,409.5,9.0,-0.6865
1230,592,409.5,9.0,-0.0091
1231,208,409.5,9.0,0.0608
1232,879,409.5,9.0,-1.5107
1233,79,409.5,9.0,5.3164
1234,727,409.5,9.0,-2.9043
1235,276,409.5,9.0,-0.2524
1236,416,409.5,9.0,0.0136
1237,464,409.5,9.0,-0.3767
1238,297,409.5,9.0,-1.9492
1239,385,409.5,9.0,4.1641
1240,356,409.5,9.0,0.6562
1241,25,409.5,9.0,7.8867
1242,686,409.5,9.0,-2.2168
1243,158,409.5,9.0,2.7539
1244,576,409.5,9.0,-1.4229
1245,24,1228.5,8.0,-0.7051
1246,259,409.5,9.0,-0.2239
1247,504,409.5,9.0,-2.4434
1248,416,409.5,9.0,-4.2812
1249,577,409.5,9.0,-3.5078
1250,181,409.5,9.0,0.1558
1251,37,409.5,9.0,6.4922
1252,268,409.5,9.0,2.2363
1253,400,409.5,9.0,-0.0484
1254,467,409.5,9.0,-3.0977
1255,311,409.5,9.0,-0.0877
1256,360,409.5,9.0,2.7949
1257,1357,1228.5,8.0,-2.7227
1258,7,409.5,9.0,7.2031
1259,446,409.5,9.0,-2.7402
1260,195,409.5,9.0,-2.8516
1261,257,409.5,9.0,0.8975
1262,735,409.5,9.0,0.2893
1263,693,409.5,9.0,-1.9443
1264,760,409.5,9.0,-3.9258
1265,271,409.5,9.0,1.0293
1266,378,409.5,9.0,-3.0234
1267,525,409.5,9.0,-2.2266
1268,928,409.5,9.0,0.0848
1269,712,409.5,9.0,-1.2070
1270,146,409.5,9.0,3.8574
1271,224,409.5,9.0,2.0918
1272,609,409.5,9.0,-3.0000
1273,479,409.5,9.0,-1.4102
1274,206,409.5,9.0,1.3594
1275,372,409.5,9.0,2.2227
1276,776,409.5,9.0,-2.6133
1277,365,409.5,9.0,-2.5703
1278,315,409.5,9.0,1.9570
1279,472,409.5,9.0,-0.4971
1280,417,409.5,9.0,-0.2615
1281,610,409.5,9.0,-1.2637
1282,438,409.5,9.0,1.1943
1283,456,409.5,9.0,1.4297
1284,299,409.5,9.0,2.0625
1285,329,409.5,9.0,0.3989
1286,1002,1228.5,8.0,-2.2676
1287,207,1228.5,8.0,-0.3137
1288,824,409.5,9.0,-1.8105
1289,318,409.5,9.0,1.3232
1290,420,409.5,9.0,-0.8643
1291,217,409.5,9.0,1.8438
1292,461,409.5,9.0,-1.7432
1293,203,409.5,9.0,-1.8379
1294,163,409.5,9.0,0.0490
1295,801,1228.5,8.0,-2.0859
1296,760,409.5,9.0,0.8940
1297,157,409.5,9.0,2.3477
1298,1067,409.5,9.0,-3.8008
1299,359,409.5,9.0,2.1777
1300,27,409.5,9.0,7.1523
1301,388,409.5,9.0,-1.8682
1302,460,409.5,9.0,0.8306
1303,46,409.5,9.0,1.0635
1304,781,409.5,9.0,-3.1387
1305,597,409.5,9.0,-1.4883
1306,441,409.5,9.0,-3.1484
1307,752,409.5,9.0,-3.0938
1308,479,409.5,9.0,2.5039
1309,258,409.5,9.0,3.2715
1310,68,409.5,9.0,4.1406
1311,327,409.5,9.0,0.7344
1312,344,409.5,9.0,0.7148
1313,266,409.5,9.0,2.8691
1314,208,409.5,9.0,3.0488
1315,805,409.5,9.0,-2.9863
1316,321,409.5,9.0,0.3135
1317,196,409.5,9.0,0.4414
1318,173,409.5,9.0,0.1936
1319,713,409.5,9.0,-3.2051
1320,448,409.5,9.0,3.4160
1321,487,409.5,9.0,-0.8369
1322,194,409.5,9.0,1.5898
1323,245,409.5,9.0,4.4766
1324,573,409.5,9.0,-2.4336
1325,708,409.5,9.0,0.0963
1326,556,409.5,9.0,2.8145
1327,662,1228.5,8.0,-4.0195
1328,29,409.5,9.0,-0.5967
1329,258,409.5,9.0,-2.4570
1330,141,409.5,9.0,3.5469
1331,1429,409.5,9.0,-1.1436
1332,385,409.5,9.0,-0.4233
1333,26,409.5,9.0,7.7344
1334,591,409.5,9.0,-3.0332
1335,450,409.5,9.0,-2.2188
1336,331,409.5,9.0,-0.8057
1337,367,409.5,9.0,-0.6328
1338,108,409.5,9.0,-1.5879
1339,40,409.5,9.0,-0.0793
1340,255,409.5,9.0,3.0527
1341,576,409.5,9.0,-2.5645
1342,619,409.5,9.0,-1.2930
1343,632,409.5,9.0,-2.0879
1344,188,409.5,9.0,1.7129
1345,617,409.5,9.0,-1.5225
1346,4,409.5,9.0,0.5063
1347,306,409.5,9.0,0.5562
1348,611,409.5,9.0,-0.8252
1349,26,409.5,9.0,7.7773
1350,508,409.5,9.0,-4.8125
1351,438,409.5,9.0,1.4189
1352,341,409.5,9.0,1.6201
1353,793,409.5,9.0,-1.6758
1354,418,409.5,9.0,-0.6567
1355,342,409.5,9.0,0.6309
1356,483,409.5,9.0,0.0325
1357,260,409.5,9.0,1.8975
1358,21,409.5,9.0,6.8516
1359,635,409.5,9.0,-1.3135
1360,310,409.5,9.0,1.5068
1361,1679,1228.5,8.0,-3.5645
1362,285,409.5,9.0,2.3906
1363,395,409.5,9.0,-2.7949
1364,574,409.5,9.0,-1.8291
1365,137,409.5,9.0,2.5352
1366,154,409.5,9.0,1.2549
1367,184,409.5,9.0,1.4014
1368,484,409.5,9.0,-3.0000
1369,383,409.5,9.0,0.5518
1370,199,409.5,9.0,-0.3125
1371,394,409.5,9.0,-2.2285
1372,48,409.5,9.0,2.1992
1373,553,409.5,9.0,-3.6348
1374,486,409.5,9.0,2.0625
1375,362,409.5,9.0,1.6924
1376,716,409.5,9.0,-1.6221
1377,338,409.5,9.0,-0.6167
1378,163,409.5,9.0,3.6562
1379,684,409.5,9.0,-3.8711
1380,196,409.5,9.0,1.6475
1381,26,409.5,9.0,8.0156
1382,188,409.5,9.0,1.6953
1383,291,409.5,9.0,2.1797
1384,592,409.5,9.0,0.4011
1385,395,409.5,9.0,1.5312
1386,307,409.5,9.0,1.3379
1387,417,409.5,9.0,1.0068
1388,12,409.5,9.0,2.5098
1389,177,409.5,9.0,-0.1429
1390,408,409.5,9.0,0.4277
1391,42,409.5,9.0,3.0723
1392,664,1228.5,8.0,-4.6211
1393,366,409.5,9.0,-1.2402
1394,498,409.5,9.0,-1.6494
1395,289,409.5,9.0,2.6406
1396,196,409.5,9.0,-0.6040
1397,234,409.5,9.0,-1.6729
1398,521,409.5,9.0,-1.8965
1399,164,409.5,9.0,0.5103
1400,93,409.5,9.0,5.4180
1401,596,409.5,9.0,-0.3157
1402,376,409.5,9.0,1.1787
1403,452,409.5,9.0,-2.3281
1404,394,409.5,9.0,-1.3672
1405,299,409.5,9.0,1.8018
1406,363,409.5,9.0,1.1562
1407,653,1228.5,8.0,-2.8281
1408,540,409.5,9.0,0.1450
1409,45,409.5,9.0,3.4121
1410,361,409.5,9.0,-0.6621
1411,304,409.5,9.0,1.1328
1412,346,409.5,9.0,0.6367
1413,814,409.5,9.0,-2.1016
1414,153,409.5,9.0,-0.1163
1415,134,409.5,9.0,-2.5293
1416,523,409.5,9.0,-1.8330
1417,268,409.5,9.0,0.1908
1418,285,409.5,9.0,2.3105
1419,4,409.5,9.0,0.2781
1420,33,409.5,9.0,0.2349
1421,49,409.5,9.0,1.3164
1422,1160,409.5,9.0,-2.8672
1423,130,409.5,9.0,3.7598
1424,208,409.5,9.0,0.0865
1425,355,409.5,9.0,-1.0605
1426,171,409.5,9.0,2.2383
1427,696,409.5,9.0,-1.1699
1428,52,409.5,9.0,1.7158
1429,184,409.5,9.0,0.8081
1430,123,409.5,9.0,-0.5933
1431,521,409.5,9.0,-1.4268
1432,313,409.5,9.0,1.8252
1433,410,409.5,9.0,0.6641
1434,554,409.5,9.0,1.8516
1435,164,409.5,9.0,4.1133
1436,1110,1228.5,8.0,-5.4453
1437,30,409.5,9.0,0.8838
1438,365,409.5,9.0,1.2305
1439,461,409.5,9.0,-0.2018
1440,692,409.5,9.0,1.6953
1441,716,409.5,9.0,-2.4297
1442,220,409.5,9.0,3.3438
1443,700,409.5,9.0,-1.4004
1444,381,409.5,9.0,1.0293
1445,217,1228.5,8.0,-0.6313
1446,680,409.5,9.0,-2.4219
1447,495,409.5,9.0,-1.6484
1448,343,409.5,9.0,2.4668
1449,482,409.5,9.0,-1.0498
1450,680,409.5,9.0,-2.4863
1451,107,409.5,9.0,-0.9570
1452,363,409.5,9.0,0.6367
1453,254,409.5,9.0,2.7188
1454,253,409.5,9.0,2.7930
1455,459,409.5,9.0,0.5845
1456,423,409.5,9.0,-1.9619
1457,830,409.5,9.0,-2.2891
1458,581,409.5,9.0,-0.9424
1459,217,409.5,9.0,-1.4141
1460,982,1228.5,8.0,-4.5547
1461,564,409.5,9.0,1.5117
1462,793,409.5,9.0,-1.3740
1463,85,409.5,9.0,2.7266
1464,1003,1228.5,8.0,-4.0898
1465,428,409.5,9.0,-4.0195
1466,322,409.5,9.0,-1.7031
1467,126,409.5,9.0,1.1006
1468,637,409.5,9.0,-3.9668
1469,201,409.5,9.0,2.0293
1470,226,409.5,9.0,0.0367
1471,359,409.5,9.0,-0.4905
1472,329,409.5,9.0,2.4355
1473,179,409.5,9.0,1.3857
1474,412,409.5,9.0,-0.4277
1475,434,409.5,9.0,-3.4219
1476,525,409.5,9.0,-1.8281
1477,527,409.5,9.0,1.2607
1478,739,1228.5,8.0,-3.0391
1479,328,409.5,9.0,-2.1523
1480,273,409.5,9.0,1.0518
1481,404,409.5,9.0,2.7441
1482,339,409.5,9.0,-0.9722
1483,297,409.5,9.0,1.0879
1484,194,409.5,9.0,1.1670
1485,593,409.5,9.0,-2.4512
1486,21,409.5,9.0,2.8066
1487,661,409.5,9.0,-0.9438
1488,179,409.5,9.0,1.3223
1489,310,409.5,9.0,0.7695
1490,734,409.5,9.0,-3.2871
1491,612,409.5,9.0,-2.3184
1492,721,409.5,9.0,0.0729
1493,555,409.5,9.0,-3.7480
1494,33,409.5,9.0,0.1541
1495,25,409.5,9.0,8.0781
1496,384,409.5,9.0,0.7876
1497,318,409.5,9.0,0.5542
1498,283,409.5,9.0,-1.6592
1499,376,409.5,9.0,0.2676
1500,647,409.5,9.0,-1.7852
1501,809,1228.5,8.0,-5.3047
1502,822,409.5,9.0,-1.9268
1503,524,409.5,9.0,-2.5020
1504,593,409.5,9.0,-1.9746
1505,522,409.5,9.0,-2.3027
1506,488,409.5,9.0,-1.8682
1507,262,409.5,9.0,2.5312
1508,238,409.5,9.0,2.0957
1509,154,409.5,9.0,0.4421
1510,353,409.5,9.0,0.8096
1511,298,409.5,9.0,0.5752
1512,418,409.5,9.0,-3.0449
1513,81,409.5,9.0,4.7188
1514,736,409.5,9.0,1.2432
1515,602,409.5,9.0,-2.3574
1516,821,1228.5,8.0,-2.5547
1517,614,409.5,9.0,0.3931
1518,27,409.5,9.0,-1.5322
1519,1317,409.5,9.0,-2.4785
1520,704,1228.5,8.0,-3.9219
1521,623,409.5,9.0,-3.1836
1522,583,409.5,9.0,-1.7539
1523,849,409.5,9.0,-2.6055
1524,627,409.5,9.0,-2.5273
1525,516,409.5,9.0,-2.3633
1526,464,409.5,9.0,-0.7539
1527,438,409.5,9.0,-3.5918
1528,347,409.5,9.0,0.3848
1529,344,409.5,9.0,-0.2079
1530,690,409.5,9.0,-2.1523
1531,102,409.5,9.0,4.1953
1532,501,409.5,9.0,-4.5195
1533,286,409.5,9.0,1.9141
1534,402,409.5,9.0,-0.5142
1535,212,409.5,9.0,1.0742
1536,483,409.5,9.0,-0.0250
1537,257,409.5,9.0,1.7812
1538,543,409.5,9.0,-3.6738
1539,187,409.5,9.0,2.1094
1540,1021,409.5,9.0,-0.9165
1541,240,409.5,9.0,1.2031
1542,247,409.5,9.0,0.2739
1543,280,409.5,9.0,1.1748
1544,284,409.5,9.0,-2.5059
1545,547,409.5,9.0,-1.3750
1546,26,409.5,9.0,7.7344
1547,698,409.5,9.0,-1.9678
1548,549,409.5,9.0,1.2051
1549,131,409.5,9.0,0.3494
1550,448,409.5,9.0,-0.0510
1551,184,409.5,9.0,1.7529
1552,647,1228.5,8.0,-4.6797
1553,26,409.5,9.0,2.9473
1554,617,409.5,9.0,-3.0430
1555,736,409.5,9.0,-2.5391
1556,865,409.5,9.0,-2.5762
1557,331,409.5,9.0,-0.9546
1558,480,409.5,9.0,1.8311
1559,23,409.5,9.0,2.0801
1560,157,409.5,9.0,1.5605
1561,15,409.5,9.0,-5.1875
1562,635,409.5,9.0,-2.7988
1563,98,409.5,9.0,3.1035
1564,545,409.5,9.0,-2.5684
1565,307,409.5,9.0,0.6875
1566,441,409.5,9.0,-1.5400
1567,17,409.5,9.0,1.2559
1568,713,409.5,9.0,-2.3125
1569,1306,409.5,9.0,-3.1758
1570,245,409.5,9.0,0.4363
1571,610,409.5,9.0,-3.2480
1572,198,409.5,9.0,2.2402
1573,551,409.5,9.0,-1.4980
1574,38,409.5,9.0,5.0000
1575,228,409.5,9.0,1.8154
1576,522,409.5,9.0,-2.9590
1577,509,409.5,9.0,-2.1562
1578,531,409.5,9.0,1.4082
1579,492,409.5,9.0,-1.7617
1580,248,409.5,9.0,0.8735
1581,448,409.5,9.0,-1.7148
1582,154,409.5,9.0,5.1133
1583,1235,1228.5,8.0,-3.4492
1584,28,409.5,9.0,2.2402
1585,72,409.5,9.0,1.4336
1586,433,409.5,9.0,0.3523
1587,224,409.5,9.0,2.6426
1588,535,409.5,9.0,-5.5234
1589,182,409.5,9.0,1.4648
1590,337,409.5,9.0,0.5879
1591,293,409.5,9.0,1.7295
1592,449,409.5,9.0,-2.2500
1593,240,409.5,9.0,3.2266
1594,618,409.5,9.0,-3.6230
1595,847,1228.5,8.0,-3.2969
1596,972,409.5,9.0,-3.7188
1597,126,409.5,9.0,3.2031
1598,197,409.5,9.0,-0.1254
1599,740,409.5,9.0,1.4385
1600,439,409.5,9.0,-2.1875
1601,778,409.5,9.0,0.3804
1602,448,409.5,9.0,-1.4980
1603,802,409.5,9.0,-2.2461
1604,235,409.5,9.0,-1.5850
1605,537,409.5,9.0,-2.9316
1606,442,409.5,9.0,1.5488
1607,245,409.5,9.0,-2.7090
1608,425,409.5,9.0,2.7969
1609,101,409.5,9.0,-0.8013
1610,379,409.5,9.0,1.2559
1611,280,409.5,9.0,0.9282
1612,826,409.5,9.0,-1.5566
1613,254,409.5,9.0,0.2375
1614,232,409.5,9.0,-0.6133
1615,475,409.5,9.0,-2.5078
1616,927,409.5,9.0,0.6890
1617,828,409.5,9.0,3.7891
1618,950,409.5,9.0,-5.5938
1619,215,409.5,9.0,2.7871
1620,754,409.5,9.0,0.2708
1621,342,409.5,9.0,2.2363
1622,689,1228.5,8.0,-3.7383
1623,734,409.5,9.0,-3.0840
1624,152,409.5,9.0,1.8975
1625,901,409.5,9.0,-2.2734
1626,746,409.5,9.0,2.4004
1627,270,409.5,9.0,2.8438
1628,1709,409.5,9.0,-2.6504
1629,323,409.5,9.0,0.7437
1630,686,409.5,9.0,-2.7031
1631,607,409.5,9.0,-1.0068
1632,285,409.5,9.0,1.5137
1633,88,409.5,9.0,5.4023
1634,165,409.5,9.0,0.0174
1635,577,409.5,9.0,-0.4678
1636,464,409.5,9.0,-2.5625
1637,371,409.5,9.0,-0.7280
1638,635,409.5,9.0,-4.1016
1639,123,409.5,9.0,4.4727
1640,272,409.5,9.0,-1.7939
1641,408,409.5,9.0,-2.3711
1642,376,409.5,9.0,0.5327
1643,445,409.5,9.0,-1.0029
1644,716,409.5,9.0,-0.4229
1645,524,409.5,9.0,1.8955
1646,400,409.5,9.0,0.4897
1647,569,409.5,9.0,-2.0020
1648,186,409.5,9.0,2.5527
1649,422,409.5,9.0,-3.2051
1650,523,409.5,9.0,-0.9546
1651,92,409.5,9.0,2.4941
1652,761,409.5,9.0,-5.1875
1653,49,409.5,9.0,3.6211
1654,827,409.5,9.0,-3.1133
1655,278,409.5,9.0,-3.0762
1656,313,1228.5,8.0,-2.5898
1657,929,409.5,9.0,0.1103
1658,552,409.5,9.0,-2.7188
1659,520,409.5,9.0,-3.2207
1660,750,409.5,9.0,-0.4602
1661,581,409.5,9.0,-2.9746
1662,530,409.5,9.0,-1.8994
1663,365,409.5,9.0,0.2229
1664,824,1228.5,8.0,-3.0449
1665,321,409.5,9.0,-1.2295
1666,455,409.5,9.0,-0.0955
1667,681,409.5,9.0,1.2070
1668,426,409.5,9.0,-0.5527
1669,34,409.5,9.0,-0.9790
1670,409,409.5,9.0,-4.8203
1671,319,409.5,9.0,0.5454
1672,584,409.5,9.0,-1.1914
1673,207,409.5,9.0,2.5020
1674,243,409.5,9.0,-0.3042
1675,371,409.5,9.0,1.1768
1676,849,1228.5,8.0,-3.0957
1677,269,409.5,9.0,0.7964
1678,217,409.5,9.0,1.3535
1679,634,409.5,9.0,-2.2832
1680,920,409.5,9.0,0.1830
1681,867,409.5,9.0,-0.1714
1682,756,409.5,9.0,-1.7383
1683,248,409.5,9.0,1.3389
1684,189,409.5,9.0,3.5879
1685,1066,409.5,9.0,-0.4724
1686,112,409.5,9.0,3.5781
1687,477,409.5,9.0,-1.2656
1688,66,409.5,9.0,4.4922
1689,419,409.5,9.0,0.1348
1690,17,409.5,9.0,7.0664
1691,407,409.5,9.0,1.2285
1692,487,409.5,9.0,-1.0938
1693,63,409.5,9.0,-0.2749
1694,317,409.5,9.0,0.9233
1695,327,409.5,9.0,2.1270
1696,698,409.5,9.0,-1.7812
1697,1340,409.5,9.0,-4.5625
1698,289,409.5,9.0,1.0371
1699,453,409.5,9.0,2.4277
1700,194,409.5,9.0,-0.2422
1701,95,409.5,9.0,-0.2299
1702,219,409.5,9.0,2.3984
1703,125,409.5,9.0,1.9854
1704,184,409.5,9.0,-0.2957
1705,518,409.5,9.0,-3.9004
1706,319,409.5,9.0,1.8271
1707,90,409.5,9.0,5.0430
1708,383,409.5,9.0,-2.1250
1709,299,409.5,9.0,-0.2026
1710,49,409.5,9.0,6.7734
1711,349,409.5,9.0,0.9556
1712,776,409.5,9.0,-3.3613
1713,480,409.5,9.0,-0.2576
1714,362,409.5,9.0,-0.3113
1715,131,409.5,9.0,4.1484
1716,284,409.5,9.0,0.6846
1717,405,409.5,9.0,2.1113
1718,682,409.5,9.0,3.3242
1719,402,409.5,9.0,-0.5977
1720,293,409.5,9.0,0.6191
1721,40,409.5,9.0,0.1453
1722,175,409.5,9.0,0.3740
1723,292,409.5,9.0,2.0039
1724,334,409.5,9.0,3.2930
1725,214,409.5,9.0,0.9858
1726,207,409.5,9.0,-0.3118
1727,260,409.5,9.0,0.6807
1728,491,409.5,9.0,-3.5859
1729,665,1228.5,8.0,-2.2266
1730,176,409.5,9.0,2.2617
1731,627,409.5,9.0,2.9453
1732,415,409.5,9.0,-3.0820
1733,403,409.5,9.0,-2.4355
1734,141,409.5,9.0,2.4375
1735,263,409.5,9.0,-0.8213
1736,20,409.5,9.0,-1.4824
1737,192,409.5,9.0,-1.0557
1738,837,409.5,9.0,-2.8184
1739,386,409.5,9.0,2.7812
1740,340,409.5,9.0,3.2969
1741,266,409.5,9.0,3.2324
1742,398,409.5,9.0,-1.5996
1743,875,1228.5,8.0,-5.5664
1744,420,409.5,9.0,0.7529
1745,459,409.5,9.0,-1.6768
1746,501,409.5,9.0,-0.6553
1747,744,409.5,9.0,-1.7744
1748,699,409.5,9.0,-2.6680
1749,197,409.5,9.0,1.4141
1750,231,409.5,9.0,2.5957
1751,944,1228.5,8.0,-0.2502
1752,210,409.5,9.0,0.4019
1753,521,409.5,9.0,-2.2715
1754,241,409.5,9.0,2.4180
1755,252,409.5,9.0,1.8086
1756,37,409.5,9.0,5.0469
1757,346,409.5,9.0,-0.8779
1758,353,409.5,9.0,1.3809
1759,275,409.5,9.0,0.5269
1760,453,409.5,9.0,1.8525
1761,258,1228.5,8.0,-1.2773
1762,1050,409.5,9.0,-3.1582
1763,537,409.5,9.0,-2.5430
1764,341,409.5,9.0,3.6562
1765,250,409.5,9.0,1.1709
1766,348,409.5,9.0,1.5811
1767,367,409.5,9.0,1.1230
1768,367,409.5,9.0,0.7466
1769,357,409.5,9.0,0.2668
1770,451,409.5,9.0,2.1934
1771,677,409.5,9.0,-2.9102
1772,376,409.5,9.0,-0.6050
1773,463,1228.5,8.0,-3.5312
1774,664,409.5,9.0,-1.6445
1775,637,409.5,9.0,-1.2861
1776,959,409.5,9.0,-3.2051
1777,20,409.5,9.0,0.4187
1778,287,409.5,9.0,1.2588
1779,258,409.5,9.0,-0.1803
1780,185,409.5,9.0,0.8579
1781,496,409.5,9.0,-3.8438
1782,377,409.5,9.0,1.0527
1783,385,409.5,9.0,1.3467
1784,610,409.5,9.0,-0.7100
1785,389,409.5,9.0,1.2520
1786,256,409.5,9.0,1.2852
1787,472,409.5,9.0,-2.0020
1788,559,409.5,9.0,-1.5176
1789,613,409.5,9.0,-3.1660
1790,26,409.5,9.0,8.0156
1791,310,409.5,9.0,-1.3545
1792,405,409.5,9.0,-2.6504
1793,494,409.5,9.0,-1.8516
1794,96,409.5,9.0,-0.0759
1795,587,409.5,9.0,-1.9658
1796,660,409.5,9.0,-2.7910
1797,445,409.5,9.0,2.3301
1798,828,409.5,9.0,-2.1816
1799,490,409.5,9.0,0.6328
1800,138,409.5,9.0,4.2617
1801,453,409.5,9.0,-0.6245
1802,498,409.5,9.0,-3.7676
1803,512,409.5,9.0,-2.9180
1804,174,409.5,9.0,1.5010
1805,379,409.5,9.0,-0.1076
1806,350,409.5,9.0,-0.3789
1807,375,409.5,9.0,-2.5527
1808,432,409.5,9.0,-0.1219
1809,427,409.5,9.0,-1.3467
1810,382,409.5,9.0,0.0383
1811,475,409.5,9.0,-1.9951
1812,246,409.5,9.0,1.4863
1813,55,409.5,9.0,3.0273
1814,156,409.5,9.0,0.3630
1815,365,409.5,9.0,0.8652
1816,486,409.5,9.0,-1.6270
1817,539,409.5,9.0,-0.7905
1818,852,409.5,9.0,-4.3086
1819,761,409.5,9.0,2.0859
1820,655,409.5,9.0,0.0065
1821,722,409.5,9.0,-3.8691
1822,401,409.5,9.0,-0.5024
1823,722,409.5,9.0,0.0230
1824,369,409.5,9.0,0.9834
1825,258,409.5,9.0,1.4756
1826,317,409.5,9.0,2.0547
1827,291,409.5,9.0,1.0137
1828,66,409.5,9.0,4.5898
1829,35,409.5,9.0,3.3262
1830,376,409.5,9.0,1.4453
1831,710,409.5,9.0,-3.5273
1832,227,409.5,9.0,2.4551
1833,154,409.5,9.0,4.1367
1834,479,409.5,9.0,-0.8652
1835,26,409.5,9.0,0.9756
1836,338,409.5,9.0,-0.8911
1837,174,409.5,9.0,3.5742
1838,334,409.5,9.0,0.9702
1839,329,409.5,9.0,-1.1006
1840,276,409.5,9.0,0.4182
1841,594,409.5,9.0,0.5420
1842,528,409.5,9.0,-2.6895
1843,237,409.5,9.0,1.3857
1844,123,409.5,9.0,3.4629
1845,406,409.5,9.0,0.5103
1846,865,409.5,9.0,-2.9902
1847,282,409.5,9.0,-1.4277
1848,491,409.5,9.0,-1.6016
1849,243,409.5,9.0,1.4160
1850,86,409.5,9.0,6.2383
1851,443,409.5,9.0,-2.8027
1852,45,409.5,9.0,3.0664
1853,363,409.5,9.0,-2.9238
1854,383,409.5,9.0,0.8511
1855,446,409.5,9.0,-1.6611
1856,113,409.5,9.0,5.5469
1857,609,409.5,9.0,-1.1523
1858,216,409.5,9.0,2.2715
1859,281,409.5,9.0,0.8965
1860,373,409.5,9.0,1.5381
1861,410,409.5,9.0,0.9888
1862,290,409.5,9.0,0.2556
1863,363,409.5,9.0,-2.0723
1864,278,409.5,9.0,-0.9019
1865,270,409.5,9.0,2.0566
1866,25,409.5,9.0,8.0781
1867,176,409.5,9.0,2.0137
1868,460,409.5,9.0,-1.7666
1869,637,1228.5,8.0,-5.7070
1870,1126,409.5,9.0,-1.4453
1871,186,409.5,9.0,0.9707
1872,183,409.5,9.0,3.0918
1873,218,409.5,9.0,1.1191
1874,250,409.5,9.0,1.5908
1875,337,409.5,9.0,-1.9316
1876,1079,409.5,9.0,-3.6738
1877,246,409.5,9.0,1.2402
1878,361,409.5,9.0,-2.2109
1879,463,409.5,9.0,-2.4082
1880,198,409.5,9.0,2.0801
1881,523,409.5,9.0,-3.4473
1882,518,409.5,9.0,-2.9395
1883,211,409.5,9.0,-1.8428
1884,647,409.5,9.0,1.8135
1885,184,409.5,9.0,1.7070
1886,366,409.5,9.0,-0.4631
1887,159,409.5,9.0,1.4941
1888,328,409.5,9.0,-0.1715
1889,351,409.5,9.0,2.1660
1890,442,409.5,9.0,0.7925
1891,477,409.5,9.0,0.9873
1892,613,1228.5,8.0,-5.0703
1893,393,409.5,9.0,-0.9863
1894,444,409.5,9.0,0.7026
1895,340,409.5,9.0,-2.1426
1896,236,409.5,9.0,-0.3655
1897,235,409.5,9.0,1.1240
1898,5,409.5,9.0,5.3906
1899,678,409.5,9.0,-1.6260
1900,227,409.5,9.0,0.3337
1901,851,1228.5,8.0,-4.9805
1902,8,409.5,9.0,2.3281
1903,393,409.5,9.0,1.2783
1904,370,409.5,9.0,-1.6445
1905,26,409.5,9.0,8.0156
1906,619,409.5,9.0,-0.7310
1907,515,409.5,9.0,-3.3496
1908,319,409.5,9.0,0.1876
1909,704,409.5,9.0,-2.0566
1910,96,409.5,9.0,1.1514
1911,104,409.5,9.0,-1.5664
1912,689,409.5,9.0,0.1849
1913,752,409.5,9.0,-2.4492
1914,237,409.5,9.0,-0.5684
1915,631,409.5,9.0,-1.3066
1916,950,409.5,9.0,-0.5537
1917,530,409.5,9.0,-0.7358
1918,284,409.5,9.0,-0.5972
1919,398,409.5,9.0,0.0696
1920,315,409.5,9.0,0.3667
1921,464,409.5,9.0,1.2041
1922,49,409.5,9.0,0.1331
1923,70,409.5,9.0,6.3867
1924,357,409.5,9.0,3.1113
1925,86,409.5,9.0,2.3496
1926,120,409.5,9.0,3.4805
1927,275,409.5,9.0,2.5293
1928,1000,409.5,9.0,-3.6211
1929,739,409.5,9.0,-1.8203
1930,665,409.5,9.0,-3.0938
1931,507,409.5,9.0,-0.0195
1932,338,409.5,9.0,0.3743
1933,387,409.5,9.0,-1.9150
1934,140,409.5,9.0,1.7598
1935,497,409.5,9.0,1.3535
1936,309,409.5,9.0,1.3896
1937,23,409.5,9.0,2.0117
1938,556,409.5,9.0,-2.3672
1939,235,409.5,9.0,0.8062
1940,178,409.5,9.0,3.5234
1941,366,409.5,9.0,-0.3101
1942,313,409.5,9.0,-2.0312
1943,315,409.5,9.0,0.7788
1944,25,409.5,9.0,8.0781
1945,362,409.5,9.0,-0.5513
1946,601,409.5,9.0,-2.7852
1947,756,409.5,9.0,-3.3516
1948,544,409.5,9.0,-2.9043
1949,988,409.5,9.0,-1.1689
1950,18,409.5,9.0,2.0449
1951,196,1228.5,8.0,-2.8145
1952,231,409.5,9.0,3.7207
1953,83,409.5,9.0,3.1875
1954,699,409.5,9.0,-0.8887
1955,359,409.5,9.0,1.0059
1956,540,409.5,9.0,-1.5127
1957,403,409.5,9.0,-3.0254
1958,292,409.5,9.0,1.6885
1959,193,409.5,9.0,-2.4160
1960,169,409.5,9.0,1.4033
1961,214,409.5,9.0,-1.1152
1962,619,1228.5,8.0,-5.1367
1963,435,409.5,9.0,-2.4707
1964,185,409.5,9.0,2.5391
1965,430,409.5,9.0,-1.6729
1966,606,409.5,9.0,-2.4941
1967,1103,1228.5,8.0,-3.5000
1968,304,409.5,9.0,-2.0684
1969,472,409.5,9.0,-1.8555
1970,759,409.5,9.0,-3.7441
1971,40,409.5,9.0,4.3047
1972,54,409.5,9.0,0.5845
1973,531,409.5,9.0,-1.8691
1974,400,409.5,9.0,-0.4673
1975,54,409.5,9.0,3.5898
1976,367,409.5,9.0,-2.6191
1977,240,409.5,9.0,2.2793
1978,528,409.5,9.0,0.9614
1979,827,409.5,9.0,-1.9717
1980,275,409.5,9.0,-0.5449
1981,601,409.5,9.0,-2.4297
1982,439,409.5,9.0,-1.7598
1983,171,409.5,9.0,2.5273
1984,319,409.5,9.0,-1.6602
1985,581,409.5,9.0,-2.0469
1986,244,409.5,9.0,-2.1914
1987,711,409.5,9.0,-4.1172
1988,359,409.5,9.0,-0.4619
1989,353,409.5,9.0,0.5728
1990,200,409.5,9.0,1.0967
1991,406,1228.5,8.0,-5.1250
1992,443,409.5,9.0,-3.3652
1993,344,409.5,9.0,2.4570
1994,694,409.5,9.0,-0.0211
1995,566,409.5,9.0,-0.9868
1996,247,409.5,9.0,2.3555
1997,606,1228.5,8.0,-3.4434
1998,460,409.5,9.0,-0.0172
1999,592,409.5,9.0,-2.8262
2000,38,409.5,9.0,6.2383
2001,277,409.5,9.0,0.8574
2002,277,409.5,9.0,0.3672
2003,51,409.5,9.0,1.6094
2004,533,409.5,9.0,-0.7505
2005,626,409.5,9.0,-4.7344
2006,465,409.5,9.0,-2.0234
2007,858,1228.5,8.0,-4.1094
2008,424,409.5,9.0,-3.2324
2009,459,409.5,9.0,-1.1973
2010,291,409.5,9.0,1.0928
2011,321,409.5,9.0,0.6948
2012,434,409.5,9.0,-0.7983
2013,425,409.5,9.0,2.2930
2014,514,409.5,9.0,-0.9839
2015,176,409.5,9.0,4.3008
2016,280,409.5,9.0,2.5000
2017,479,409.5,9.0,-2.4160
2018,282,409.5,9.0,0.7334
2019,247,409.5,9.0,1.1367
2020,427,409.5,9.0,0.8574
2021,340,409.5,9.0,1.3418
2022,124,409.5,9.0,1.2129
2023,398,409.5,9.0,0.2942
2024,639,409.5,9.0,-3.3535
2025,7,409.5,9.0,5.6016
2026,188,409.5,9.0,-0.3552
2027,33,409.5,9.0,6.2070
2028,303,409.5,9.0,2.7812
2029,393,409.5,9.0,-0.4861
2030,250,409.5,9.0,0.4714
2031,79,409.5,9.0,0.9399
2032,152,409.5,9.0,1.8271
2033,193,409.5,9.0,-0.7334
2034,1336,409.5,9.0,-2.7617
2035,252,409.5,9.0,-0.0803
2036,36,409.5,9.0,1.1826
2037,248,409.5,9.0,0.7500
2038,226,409.5,9.0,2.4355
2039,253,409.5,9.0,1.6338
2040,2013,409.5,9.0,-1.3291
2041,412,409.5,9.0,0.0321
2042,387,409.5,9.0,0.3115
2043,344,409.5,9.0,1.5605
2044,520,409.5,9.0,-3.5234
2045,533,409.5,9.0,-3.2793
2046,521,409.5,9.0,-0.0897
2047,264,409.5,9.0,1.4521
2048,454,409.5,9.0,-0.7803
2049,284,409.5,9.0,1.7979
2050,29,409.5,9.0,4.5391
2051,181,409.5,9.0,1.5742
2052,584,409.5,9.0,0.3447
2053,326,409.5,9.0,1.5303
2054,222,409.5,9.0,1.0459
2055,592,409.5,9.0,-1.8105
2056,8,409.5,9.0,7.8867
2057,196,409.5,9.0,3.3652
2058,70,409.5,9.0,0.9907
2059,523,409.5,9.0,1.9111
2060,434,409.5,9.0,-1.3154
2061,460,409.5,9.0,-0.0137
2062,220,409.5,9.0,2.7031
2063,514,409.5,9.0,-2.0703
2064,533,409.5,9.0,-0.4858
2065,589,409.5,9.0,-2.6680
2066,82,409.5,9.0,3.9785
2067,28,409.5,9.0,6.9648
2068,446,409.5,9.0,0.7461
2069,620,409.5,9.0,-2.6934
2070,391,409.5,9.0,1.8086
2071,388,409.5,9.0,-0.1475
2072,421,409.5,9.0,-3.1562
2073,181,409.5,9.0,0.7056
2074,1485,409.5,9.0,-0.7891
2075,121,409.5,9.0,4.3906
2076,96,409.5,9.0,3.6543
2077,707,409.5,9.0,-2.7305
2078,647,1228.5,8.0,-4.0898
2079,364,409.5,9.0,1.5176
2080,960,1228.5,8.0,-4.8477
2081,406,409.5,9.0,-1.6543
2082,632,409.5,9.0,-0.2971
2083,424,409.5,9.0,0.0636
2084,645,409.5,9.0,1.1885
2085,727,409.5,9.0,-2.8535
2086,395,409.5,9.0,2.7910
2087,251,409.5,9.0,1.5498
2088,960,409.5,9.0,-1.6807
2089,339,409.5,9.0,-3.0371
2090,292,409.5,9.0,2.1289
2091,1104,409.5,9.0,-0.7271
2092,420,409.5,9.0,0.2220
2093,629,409.5,9.0,1.4170
2094,14,409.5,9.0,0.4976
2095,597,409.5,9.0,-2.9629
2096,300,1228.5,8.0,-2.1914
2097,70,409.5,9.0,4.3945
2098,272,409.5,9.0,2.5059
2099,239,409.5,9.0,-0.3245
2100,110,409.5,9.0,1.1064
2101,710,409.5,9.0,-2.3184
2102,254,409.5,9.0,0.4753
2103,389,409.5,9.0,2.2070
2104,645,409.5,9.0,-0.3452
2105,501,409.5,9.0,-0.1014
2106,215,409.5,9.0,2.0938
2107,460,409.5,9.0,-1.1270
2108,438,409.5,9.0,-1.6318
2109,296,409.5,9.0,2.2461
2110,301,409.5,9.0,1.9131
2111,224,409.5,9.0,2.6250
2112,285,409.5,9.0,2.2891
2113,627,409.5,9.0,-0.5259
2114,277,409.5,9.0,1.4043
2115,527,1228.5,8.0,-2.5410
2116,314,409.5,9.0,-0.8057
2117,532,409.5,9.0,2.7500
2118,714,409.5,9.0,-3.2148
2119,214,409.5,9.0,0.7773
2120,633,409.5,9.0,-1.2012
2121,506,409.5,9.0,1.3271
2122,437,409.5,9.0,1.7881
2123,212,409.5,9.0,-0.0626
2124,263,409.5,9.0,2.4883
2125,4,409.5,9.0,3.3594
2126,611,409.5,9.0,-1.8057
2127,504,409.5,9.0,-1.2363
2128,389,409.5,9.0,-2.6523
2129,319,409.5,9.0,0.8291
2130,216,409.5,9.0,1.9404
2131,316,409.5,9.0,-0.7524
2132,585,409.5,9.0,-3.0508
2133,1260,409.5,9.0,-3.4395
2134,446,409.5,9.0,-3.0801
2135,550,409.5,9.0,-1.8594
2136,539,409.5,9.0,0.9883
2137,520,409.5,9.0,-3.0469
2138,435,409.5,9.0,1.5703
2139,482,409.5,9.0,-1.6348
2140,795,1228.5,8.0,-4.7773
2141,519,409.5,9.0,-2.2891
2142,59,409.5,9.0,4.3594
2143,1442,409.5,9.0,-3.8516
2144,452,409.5,9.0,-1.4346
2145,497,409.5,9.0,-2.4902
2146,67,409.5,9.0,6.1172
2147,1296,409.5,9.0,-0.9219
2148,277,409.5,9.0,1.7051
2149,29,409.5,9.0,-0.6768
2150,792,1228.5,8.0,-3.5391
2151,169,409.5,9.0,0.6479
2152,72,409.5,9.0,-1.6895
2153,165,409.5,9.0,2.0742
2154,386,1228.5,8.0,-4.1328
2155,314,409.5,9.0,0.2384
2156,460,409.5,9.0,-0.8262
2157,589,409.5,9.0,-2.7520
2158,219,409.5,9.0,0.9604
2159,247,409.5,9.0,-4.8828
2160,250,409.5,9.0,0.9365
2161,310,409.5,9.0,1.8018
2162,477,409.5,9.0,-2.0059
2163,47,1228.5,8.0,-3.2617
2164,424,409.5,9.0,-1.0303
2165,188,409.5,9.0,2.2051
2166,178,409.5,9.0,0.6196
2167,334,409.5,9.0,-0.1913
2168,276,409.5,9.0,2.3574
2169,5,409.5,9.0,0.5981
2170,858,409.5,9.0,-2.7637
2171,742,1228.5,8.0,-4.8945
2172,735,409.5,9.0,-2.4316
2173,753,409.5,9.0,0.0179
2174,1423,409.5,9.0,-3.7480
2175,111,409.5,9.0,4.9297
2176,27,409.5,9.0,1.6182
2177,194,409.5,9.0,1.1182
2178,375,409.5,9.0,-1.4756
2179,564,409.5,9.0,-3.6836
2180,453,409.5,9.0,-2.7715
2181,90,1228.5,8.0,-3.0020
2182,278,409.5,9.0,1.7871
2183,450,409.5,9.0,0.3137
2184,264,409.5,9.0,3.1836
2185,205,409.5,9.0,2.5098
2186,466,409.5,9.0,3.4336
2187,263,409.5,9.0,2.8633
2188,857,409.5,9.0,-3.3438
2189,208,409.5,9.0,1.4580
2190,294,409.5,9.0,-0.2905
2191,14,409.5,9.0,4.7930
2192,366,409.5,9.0,-1.8555
2193,426,409.5,9.0,0.4927
2194,206,409.5,9.0,2.3027
2195,341,409.5,9.0,1.5078
2196,315,409.5,9.0,3.1543
2197,402,409.5,9.0,3.4102
2198,653,409.5,9.0,-2.3711
2199,524,409.5,9.0,-1.5312
2200,250,409.5,9.0,-0.2820
2201,394,409.5,9.0,1.5137
2202,510,409.5,9.0,-0.4749
2203,581,409.5,9.0,-0.8604
2204,627,409.5,9.0,0.0419
2205,643,409.5,9.0,-0.8975
2206,24,409.5,9.0,7.8867
2207,111,409.5,9.0,-1.3291
2208,304,409.5,9.0,0.9507
2209,291,409.5,9.0,1.7305
2210,139,409.5,9.0,0.9634
2211,223,409.5,9.0,2.0723
2212,139,409.5,9.0,3.3574
2213,101,409.5,9.0,2.0938
2214,503,409.5,9.0,-2.5059
2215,471,409.5,9.0,-1.7334
2216,731,409.5,9.0,-4.2070
2217,668,409.5,9.0,-1.8672
2218,386,409.5,9.0,3.0742
2219,292,409.5,9.0,0.2445
2220,390,409.5,9.0,-0.5581
2221,178,409.5,9.0,4.3359
2222,44,409.5,9.0,3.2363
2223,671,409.5,9.0,-0.8789
2224,324,409.5,9.0,2.7676
2225,288,409.5,9.0,0.5757
2226,396,409.5,9.0,-1.0830
2227,968,409.5,9.0,-4.2227
2228,960,409.5,9.0,-2.5547
2229,629,409.5,9.0,-3.4473
2230,772,409.5,9.0,-4.6250
2231,390,409.5,9.0,-0.4233
2232,370,409.5,9.0,0.6538
2233,545,409.5,9.0,-0.8003
2234,304,409.5,9.0,1.9238
2235,286,409.5,9.0,0.4719
2236,288,409.5,9.0,1.7197
2237,501,409.5,9.0,1.7783
2238,674,409.5,9.0,-1.5361
2239,529,409.5,9.0,-2.7285
2240,163,409.5,9.0,2.2441
2241,449,409.5,9.0,-2.4531
2242,469,409.5,9.0,-0.5913
2243,290,409.5,9.0,2.2168
2244,441,409.5,9.0,-3.0000
2245,587,409.5,9.0,-3.6387
2246,440,409.5,9.0,-1.1221
2247,614,409.5,9.0,-3.3223
2248,792,1228.5,8.0,-4.7031
2249,428,409.5,9.0,-1.8232
2250,303,409.5,9.0,2.0605
2251,59,409.5,9.0,4.2930
2252,285,409.5,9.0,-1.0605
2253,210,409.5,9.0,2.8164
2254,745,1228.5,8.0,-4.3164
2255,436,409.5,9.0,-1.2168
2256,507,409.5,9.0,-2.1074
2257,346,409.5,9.0,1.6582
2258,519,409.5,9.0,-6.3633
2259,334,409.5,9.0,0.8115
2260,547,409.5,9.0,-1.2471
2261,372,409.5,9.0,4.3945
2262,411,409.5,9.0,0.2217
2263,448,409.5,9.0,-4.0039
2264,636,409.5,9.0,-1.6299
2265,391,409.5,9.0,3.2988
2266,347,409.5,9.0,-1.6084
2267,1112,409.5,9.0,-1.9844
2268,932,1228.5,8.0,-4.1953
2269,573,409.5,9.0,-1.4316
2270,725,409.5,9.0,-2.9258
2271,83,409.5,9.0,2.3105
2272,416,409.5,9.0,3.0000
2273,384,409.5,9.0,0.1124
2274,374,409.5,9.0,-0.0249
2275,607,409.5,9.0,-0.2386
2276,360,409.5,9.0,-0.6777
2277,39,409.5,9.0,5.4727
2278,416,409.5,9.0,-0.0887
2279,590,409.5,9.0,-3.0684
2280,218,409.5,9.0,1.9121
2281,727,409.5,9.0,-3.1230
2282,360,409.5,9.0,-1.8125
2283,385,409.5,9.0,1.2510
2284,705,409.5,9.0,-2.8340
2285,68,409.5,9.0,3.6895
2286,372,409.5,9.0,3.0156
2287,222,409.5,9.0,2.4785
2288,267,409.5,9.0,2.2500
2289,706,409.5,9.0,-0.2810
2290,413,409.5,9.0,0.5547
2291,217,409.5,9.0,3.0000
2292,154,409.5,9.0,-1.9482
2293,504,409.5,9.0,-0.8955
2294,562,409.5,9.0,-1.9727
2295,147,409.5,9.0,0.8823
2296,519,1228.5,8.0,-2.9473
2297,521,409.5,9.0,2.2891
2298,199,409.5,9.0,2.6445
2299,668,409.5,9.0,-2.3516
2300,119,409.5,9.0,3.0410
2301,199,409.5,9.0,1.9805
2302,267,409.5,9.0,-0.1045
2303,576,409.5,9.0,-2.8242
2304,536,409.5,9.0,-0.4211
2305,321,409.5,9.0,0.4536
2306,382,409.5,9.0,-0.4524
2307,551,409.5,9.0,-4.1719
2308,231,409.5,9.0,1.9893
2309,581,409.5,9.0,-2.1230
2310,284,409.5,9.0,2.0176
2311,664,409.5,9.0,-1.5303
2312,630,1228.5,8.0,-4.2891
2313,402,409.5,9.0,-1.4326
2314,760,409.5,9.0,-2.6035
2315,314,409.5,9.0,3.7734
2316,515,409.5,9.0,1.6719
2317,343,409.5,9.0,0.1968
2318,59,409.5,9.0,3.2246
2319,280,409.5,9.0,-3.1934
2320,511,409.5,9.0,-0.0343
2321,928,409.5,9.0,-3.9551
2322,137,409.5,9.0,4.9453
2323,543,409.5,9.0,-0.8765
2324,172,409.5,9.0,0.2502
2325,8,409.5,9.0,3.8691
2326,39,409.5,9.0,3.6797
2327,179,409.5,9.0,0.2137
2328,477,409.5,9.0,3.9316
2329,289,409.5,9.0,0.3740
2330,722,409.5,9.0,-1.8799
2331,576,409.5,9.0,-3.0840
2332,106,409.5,9.0,1.0840
2333,46,409.5,9.0,6.7969
2334,572,409.5,9.0,0.4292
2335,387,409.5,9.0,0.4053
2336,750,409.5,9.0,-2.9922
2337,381,409.5,9.0,2.0078
2338,301,409.5,9.0,1.2197
2339,901,1228.5,8.0,-2.5137
2340,456,409.5,9.0,-3.0977
2341,336,409.5,9.0,0.6543
2342,345,409.5,9.0,0.1577
2343,375,409.5,9.0,1.6729
2344,434,409.5,9.0,0.5264
2345,204,409.5,9.0,2.0918
2346,878,409.5,9.0,-1.9893
2347,263,409.5,9.0,0.4583
2348,266,409.5,9.0,-0.2859
2349,363,409.5,9.0,1.3164
2350,275,409.5,9.0,2.3027
2351,601,409.5,9.0,-0.4072
2352,336,409.5,9.0,1.9365
2353,295,409.5,9.0,-0.2139
2354,414,409.5,9.0,-3.1641
2355,408,409.5,9.0,0.2213
2356,266,409.5,9.0,1.8623
2357,171,409.5,9.0,1.7725
2358,173,409.5,9.0,2.4160
2359,615,409.5,9.0,-0.3896
2360,905,409.5,9.0,-2.5645
2361,16,409.5,9.0,3.7285
2362,273,409.5,9.0,1.8154
2363,480,1228.5,8.0,-0.4963
2364,245,409.5,9.0,1.2490
2365,576,409.5,9.0,-0.5674
2366,697,409.5,9.0,-2.1211
2367,4,409.5,9.0,5.7461
2368,338,409.5,9.0,2.9844
2369,47,409.5,9.0,1.0908
2370,242,409.5,9.0,-0.8003
2371,450,409.5,9.0,3.1777
2372,456,409.5,9.0,-3.1348
2373,310,409.5,9.0,1.4326
2374,385,409.5,9.0,0.7642
2375,329,409.5,9.0,1.7539
2376,276,409.5,9.0,2.4004
2377,518,409.5,9.0,1.0859
2378,160,409.5,9.0,-1.8145
2379,272,409.5,9.0,2.0527
2380,545,409.5,9.0,-0.9990
2381,1032,1228.5,8.0,-4.1094
2382,271,409.5,9.0,-1.2969
2383,328,409.5,9.0,0.8867
2384,659,409.5,9.0,-0.5005
2385,464,409.5,9.0,-2.5176
2386,614,409.5,9.0,-1.6543
2387,640,409.5,9.0,0.3303
2388,401,409.5,9.0,1.8369
2389,674,1228.5,8.0,-4.5039
2390,897,409.5,9.0,-4.0352
2391,295,409.5,9.0,-1.1934
2392,220,409.5,9.0,1.9102
2393,579,409.5,9.0,-0.5591
2394,37,409.5,9.0,2.1973
2395,544,409.5,9.0,-2.6309
2396,342,409.5,9.0,2.2188
2397,33,409.5,9.0,5.9062
2398,534,409.5,9.0,-2.1602
2399,650,1228.5,8.0,-3.2969
2400,1279,1228.5,8.0,-5.5977
2401,45,409.5,9.0,0.7612
2402,263,409.5,9.0,-0.9263
2403,463,409.5,9.0,-2.6738
2404,10,409.5,9.0,5.1914
2405,506,409.5,9.0,-0.6533
2406,642,409.5,9.0,1.3330
2407,518,409.5,9.0,-2.4395
2408,195,409.5,9.0,0.6436
2409,319,409.5,9.0,-2.9766
2410,1430,409.5,9.0,-2.3398
2411,414,1228.5,8.0,-1.7354
2412,1138,409.5,9.0,-2.8867
2413,20,409.5,9.0,1.1758
2414,542,409.5,9.0,-3.1543
2415,460,409.5,9.0,2.3574
2416,687,409.5,9.0,0.5083
2417,55,409.5,9.0,2.9512
2418,73,409.5,9.0,2.3926
2419,4,409.5,9.0,5.8789
2420,381,409.5,9.0,0.3416
2421,557,409.5,9.0,-3.2734
2422,258,409.5,9.0,1.8408
2423,459,409.5,9.0,0.8721
2424,524,409.5,9.0,0.5298
2425,258,409.5,9.0,2.2109
2426,306,409.5,9.0,-0.8760
2427,569,409.5,9.0,-2.8613
2428,495,409.5,9.0,-1.9912
2429,360,409.5,9.0,0.3330
2430,890,409.5,9.0,-2.5508
2431,338,409.5,9.0,-0.4673
2432,154,409.5,9.0,0.6235
2433,843,1228.5,8.0,-3.3652
2434,200,409.5,9.0,1.8809
2435,526,409.5,9.0,0.2710
2436,35,409.5,9.0,0.9775
2437,1001,409.5,9.0,-1.5908
2438,192,409.5,9.0,1.0547
2439,285,409.5,9.0,-0.7363
2440,472,409.5,9.0,-2.3613
2441,264,409.5,9.0,2.6094
2442,835,409.5,9.0,-3.6641
2443,1692,409.5,9.0,-4.9648
2444,464,409.5,9.0,-1.1934
2445,446,409.5,9.0,-1.5820
2446,307,409.5,9.0,-0.3381
2447,418,409.5,9.0,1.6621
2448,250,409.5,9.0,2.0684
2449,205,1228.5,8.0,-2.9180
2450,718,409.5,9.0,0.7725
2451,75,409.5,9.0,-2.4492
2452,34,409.5,9.0,2.0742
2453,331,409.5,9.0,0.2007
2454,677,409.5,9.0,-2.2363
2455,775,1228.5,8.0,-3.9238
2456,1037,1228.5,8.0,-5.3555
2457,358,409.5,9.0,3.0332
2458,287,409.5,9.0,1.7803
2459,733,409.5,9.0,-2.7773
2460,540,409.5,9.0,-2.6699
2461,482,409.5,9.0,-0.6777
2462,207,409.5,9.0,0.9194
2463,70,409.5,9.0,1.8438
2464,430,409.5,9.0,0.6426
2465,297,409.5,9.0,0.4551
2466,366,409.5,9.0,-0.1835
2467,430,409.5,9.0,1.5000
2468,772,1228.5,8.0,-4.3086
2469,333,409.5,9.0,3.2305
2470,633,409.5,9.0,-5.1289
2471,154,409.5,9.0,2.8828
2472,282,409.5,9.0,-0.1422
2473,487,409.5,9.0,-1.1035
2474,1160,409.5,9.0,-0.6367
2475,546,409.5,9.0,-0.3262
2476,703,409.5,9.0,-2.9297
2477,609,409.5,9.0,-0.5659
2478,354,409.5,9.0,-1.9619
2479,873,1228.5,8.0,-2.5801
2480,485,409.5,9.0,-2.8340
2481,231,409.5,9.0,-1.4893
2482,464,409.5,9.0,-2.1113
2483,618,409.5,9.0,3.7910
2484,817,409.5,9.0,-4.3047
2485,195,409.5,9.0,2.4863
2486,311,409.5,9.0,1.5332
2487,211,409.5,9.0,-2.6680
2488,517,409.5,9.0,-3.9707
2489,166,409.5,9.0,3.7617
2490,567,409.5,9.0,-0.9536
2491,533,409.5,9.0,-0.1543
2492,869,409.5,9.0,-1.6484
2493,545,409.5,9.0,-0.2991
2494,65,409.5,9.0,0.6582
2495,281,409.5,9.0,3.5469
2496,195,409.5,9.0,3.4082
2497,378,409.5,9.0,1.1377
2498,421,409.5,9.0,-0.3369
2499,544,409.5,9.0,-1.0479
2500,268,409.5,9.0,0.0035
2501,676,409.5,9.0,-2.9141
2502,367,409.5,9.0,0.6494
2503,374,409.5,9.0,-1.6221
2504,639,409.5,9.0,-3.1289
2505,322,409.5,9.0,1.7520
2506,340,409.5,9.0,0.0795
2507,25,409.5,9.0,7.8867
2508,93,409.5,9.0,3.9395
2509,25,409.5,9.0,8.0781
2510,630,409.5,9.0,-3.7012
2511,248,409.5,9.0,1.4619
2512,386,409.5,9.0,0.7080
2513,28,409.5,9.0,0.3979
2514,665,409.5,9.0,-3.8516
2515,422,409.5,9.0,-2.3359
2516,120,409.5,9.0,-0.7134
2517,370,409.5,9.0,0.7544
2518,141,409.5,9.0,5.2969
2519,766,409.5,9.0,-0.2632
2520,341,409.5,9.0,-0.3655
2521,720,409.5,9.0,-4.3516
2522,532,409.5,9.0,2.1523
2523,241,409.5,9.0,0.0290
2524,26,409.5,9.0,8.0781
2525,119,409.5,9.0,-1.7842
2526,204,409.5,9.0,0.9062
2527,241,409.5,9.0,2.5312
2528,589,409.5,9.0,-2.0820
2529,301,409.5,9.0,0.2537
2530,654,409.5,9.0,0.6978
2531,137,409.5,9.0,-0.5049
2532,392,409.5,9.0,-0.2874
2533,716,1228.5,8.0,-4.5039
2534,598,409.5,9.0,-0.6934
2535,339,409.5,9.0,-1.7471
2536,164,409.5,9.0,4.0195
2537,18,409.5,9.0,5.8438
2538,155,409.5,9.0,2.3320
2539,640,409.5,9.0,0.7021
2540,579,409.5,9.0,-2.5605
2541,237,409.5,9.0,0.7300
2542,263,409.5,9.0,0.3748
2543,655,409.5,9.0,-3.1758
2544,807,409.5,9.0,1.4395
2545,702,409.5,9.0,0.7554
2546,514,409.5,9.0,-0.9204
2547,394,409.5,9.0,-0.6060
2548,26,409.5,9.0,8.0781
2549,520,409.5,9.0,-0.8013
2550,118,409.5,9.0,4.6719
2551,234,409.5,9.0,2.3770
2552,274,409.5,9.0,2.1328
2553,72,409.5,9.0,5.6797
2554,711,409.5,9.0,-3.5410
2555,552,409.5,9.0,-2.1211
2556,868,409.5,9.0,-0.0370
2557,468,409.5,9.0,-3.6523
2558,311,409.5,9.0,1.9561
2559,564,409.5,9.0,-1.0508
2560,313,409.5,9.0,2.6309
2561,290,409.5,9.0,3.4883
2562,298,409.5,9.0,2.1699
2563,654,409.5,9.0,-2.0195
2564,516,409.5,9.0,0.0369
2565,108,409.5,9.0,4.0352
2566,269,409.5,9.0,-0.6934
2567,880,409.5,9.0,-2.8574
2568,346,409.5,9.0,1.3691
2569,336,409.5,9.0,1.9160
2570,380,409.5,9.0,1.6924
2571,180,409.5,9.0,3.3105
2572,549,1228.5,8.0,-3.0469
2573,575,409.5,9.0,-3.0488
2574,26,409.5,9.0,8.0781
2575,319,409.5,9.0,1.2090
2576,411,409.5,9.0,-0.9878
2577,529,409.5,9.0,0.0106
2578,368,409.5,9.0,-1.6689
2579,886,1228.5,8.0,-3.7305
2580,230,409.5,9.0,-0.0374
2581,347,409.5,9.0,-0.8374
2582,210,409.5,9.0,0.9058
2583,413,409.5,9.0,1.0303
2584,347,409.5,9.0,0.0181
2585,573,409.5,9.0,-2.4121
2586,441,409.5,9.0,-0.5796
2587,246,409.5,9.0,0.2581
2588,552,409.5,9.0,-0.6470
2589,109,409.5,9.0,1.8857
2590,621,409.5,9.0,-1.5537
2591,83,409.5,9.0,2.1953
2592,220,409.5,9.0,2.3125
2593,778,409.5,9.0,0.8457
2594,969,409.5,9.0,-1.7852
2595,444,409.5,9.0,1.3906
2596,356,409.5,9.0,2.6602
2597,321,409.5,9.0,1.3916
2598,273,409.5,9.0,0.9453
2599,219,409.5,9.0,-2.3789
2600,1591,1228.5,8.0,-3.5547
2601,354,409.5,9.0,1.0947
2602,146,409.5,9.0,-0.2264
2603,595,409.5,9.0,-3.0000
2604,269,409.5,9.0,1.8613
2605,393,409.5,9.0,-1.5537
2606,234,409.5,9.0,3.0547
2607,577,409.5,9.0,-1.9805
2608,284,409.5,9.0,0.3843
2609,473,409.5,9.0,2.3418
2610,306,409.5,9.0,-2.0957
2611,217,409.5,9.0,3.2246
2612,354,409.5,9.0,1.2090
2613,104,409.5,9.0,2.3594
2614,219,409.5,9.0,2.4355
2615,92,409.5,9.0,4.0625
2616,573,1228.5,8.0,-3.3066
2617,139,409.5,9.0,-0.3530
2618,410,409.5,9.0,1.9297
2619,382,409.5,9.0,-1.5947
2620,159,409.5,9.0,1.0869
2621,388,409.5,9.0,2.2344
2622,360,409.5,9.0,1.7695
2623,263,409.5,9.0,0.2656
2624,472,409.5,9.0,-1.8408
2625,509,409.5,9.0,-2.8926
2626,532,409.5,9.0,-1.2793
2627,125,409.5,9.0,0.1898
2628,678,409.5,9.0,0.9399
2629,245,409.5,9.0,2.2109
2630,374,409.5,9.0,-2.6973
2631,866,1228.5,8.0,-5.0625
2632,622,409.5,9.0,-0.7651
2633,273,409.5,9.0,1.6729
2634,413,409.5,9.0,1.0186
2635,68,409.5,9.0,-1.7744
2636,379,409.5,9.0,4.1641
2637,549,409.5,9.0,-2.4492
2638,291,409.5,9.0,-0.6582
2639,301,409.5,9.0,2.9062
2640,389,409.5,9.0,-0.9482
2641,625,409.5,9.0,-3.0000
2642,24,409.5,9.0,6.3359
2643,339,409.5,9.0,1.5684
2644,684,1228.5,8.0,-4.3555
2645,413,409.5,9.0,-0.1423
2646,1093,1228.5,8.0,-4.4766
2647,589,409.5,9.0,-2.8926
2648,258,409.5,9.0,-0.6860
2649,342,409.5,9.0,-1.1201
2650,739,409.5,9.0,-2.6172
2651,408,409.5,9.0,-0.8345
2652,390,409.5,9.0,-2.0801
2653,112,409.5,9.0,3.1973
2654,870,409.5,9.0,-4.6094
2655,580,409.5,9.0,-0.4409
2656,820,409.5,9.0,-2.8906
2657,468,1228.5,8.0,-2.1191
2658,366,409.5,9.0,2.6367
2659,199,409.5,9.0,1.7285
2660,13,409.5,9.0,7.0078
2661,221,409.5,9.0,4.8125
2662,420,409.5,9.0,2.7168
2663,300,409.5,9.0,0.4453
2664,597,409.5,9.0,-3.0762
2665,809,409.5,9.0,-0.5112
2666,371,409.5,9.0,1.2109
2667,748,409.5,9.0,-3.3984
2668,343,409.5,9.0,-2.3965
2669,190,409.5,9.0,2.3105
2670,774,409.5,9.0,-0.2183
2671,616,409.5,9.0,-2.3086
2672,3419,1228.5,8.0,-5.0742
2673,277,409.5,9.0,1.8271
2674,440,409.5,9.0,-2.2480
2675,859,409.5,9.0,-1.7363
2676,417,409.5,9.0,-0.7378
2677,752,409.5,9.0,2.5684
2678,400,409.5,9.0,-0.6040
2679,762,409.5,9.0,-2.7070
2680,784,409.5,9.0,-0.6470
2681,795,409.5,9.0,-2.9004
2682,763,1228.5,8.0,-5.2305
2683,273,409.5,9.0,-0.5005
2684,265,409.5,9.0,2.0176
2685,323,409.5,9.0,-0.3010
2686,31,409.5,9.0,0.4385
2687,506,409.5,9.0,-3.2285
2688,827,1228.5,8.0,1.6738
2689,699,409.5,9.0,-3.8906
2690,662,409.5,9.0,-3.1191
2691,421,409.5,9.0,-1.0762
2692,868,409.5,9.0,-0.5781
2693,157,409.5,9.0,4.5664
2694,303,409.5,9.0,-1.5020
2695,779,409.5,9.0,-2.2109
2696,338,409.5,9.0,0.1259
2697,381,409.5,9.0,1.8301
2698,430,409.5,9.0,0.0682
2699,744,409.5,9.0,-3.8984
2700,206,409.5,9.0,0.5664
2701,309,409.5,9.0,0.2363
2702,670,1228.5,8.0,-3.4102
2703,417,409.5,9.0,-1.5820
2704,288,409.5,9.0,1.7705
2705,722,1228.5,8.0,-3.5801
2706,523,409.5,9.0,-2.5781
2707,368,409.5,9.0,-0.5459
2708,574,409.5,9.0,-2.7793
2709,229,409.5,9.0,2.4980
2710,420,409.5,9.0,1.5000
2711,369,409.5,9.0,2.0684
2712,563,409.5,9.0,1.3486
2713,592,409.5,9.0,-2.6152
2714,623,409.5,9.0,-4.0977
2715,46,409.5,9.0,2.9512
2716,390,409.5,9.0,0.2563
2717,241,409.5,9.0,-2.1191
2718,115,409.5,9.0,2.2129
2719,242,409.5,9.0,2.9531
2720,263,409.5,9.0,2.5859
2721,256,409.5,9.0,2.4434
2722,551,409.5,9.0,-3.3086
2723,1249,409.5,9.0,0.6025
2724,213,409.5,9.0,1.3203
2725,61,409.5,9.0,4.2734
2726,441,409.5,9.0,-2.8145
2727,221,409.5,9.0,2.6035
2728,48,409.5,9.0,6.1094
2729,648,409.5,9.0,-2.9277
2730,344,409.5,9.0,0.5771
2731,8,409.5,9.0,5.6016
2732,341,409.5,9.0,-0.9141
2733,273,409.5,9.0,0.7676
2734,295,409.5,9.0,-2.2539
2735,617,409.5,9.0,-1.0059
2736,427,409.5,9.0,-2.0879
2737,395,409.5,9.0,-2.6367
2738,374,409.5,9.0,0.2103
2739,732,409.5,9.0,-3.5039
2740,570,409.5,9.0,0.7695
2741,135,409.5,9.0,4.6172
2742,588,409.5,9.0,-3.1621
2743,435,409.5,9.0,-1.3252
2744,770,409.5,9.0,-2.9121
2745,264,409.5,9.0,1.8457
2746,177,409.5,9.0,2.1855
2747,571,409.5,9.0,-2.9219
2748,345,409.5,9.0,2.3008
2749,558,409.5,9.0,-1.1191
2750,771,409.5,9.0,-0.6777
2751,398,409.5,9.0,1.0762
2752,917,409.5,9.0,-3.8652
2753,147,409.5,9.0,0.3306
2754,389,409.5,9.0,0.6670
2755,62,409.5,9.0,0.8550
2756,659,409.5,9.0,-2.1230
2757,52,409.5,9.0,-1.6768
2758,334,409.5,9.0,2.0859
2759,313,409.5,9.0,0.1365
2760,463,409.5,9.0,-1.1953
2761,675,409.5,9.0,-1.4365
2762,372,409.5,9.0,-0.8374
2763,420,409.5,9.0,1.0557
2764,1451,1228.5,8.0,-4.9961
2765,284,409.5,9.0,-1.2363
2766,415,409.5,9.0,-0.8999
2767,120,409.5,9.0,3.5703
2768,297,409.5,9.0,1.0645
2769,620,1228.5,8.0,-3.2441
2770,11,409.5,9.0,2.2129
2771,681,409.5,9.0,-2.7480
2772,295,409.5,9.0,-0.2822
2773,606,409.5,9.0,-0.7798
2774,128,409.5,9.0,-1.4932
2775,492,409.5,9.0,-1.4688
2776,316,409.5,9.0,0.1527
2777,362,409.5,9.0,-1.6631
2778,557,409.5,9.0,-2.7793
2779,656,409.5,9.0,-0.2788
2780,200,409.5,9.0,3.0332
2781,485,1228.5,8.0,-3.3828
2782,43,409.5,9.0,2.1660
2783,386,409.5,9.0,-0.7295
2784,706,409.5,9.0,-0.3506
2785,263,409.5,9.0,2.3945
2786,568,409.5,9.0,-1.8193
2787,395,409.5,9.0,-0.3340
2788,210,409.5,9.0,0.3643
2789,324,409.5,9.0,2.5176
2790,777,409.5,9.0,-4.2109
2791,518,1228.5,8.0,-3.7480
2792,468,409.5,9.0,0.1134
2793,33,409.5,9.0,6.3438
2794,578,409.5,9.0,-2.1621
2795,404,409.5,9.0,0.9673
2796,565,409.5,9.0,-2.4512
2797,248,409.5,9.0,2.2676
2798,4,409.5,9.0,1.3076
2799,344,409.5,9.0,-0.9385
2800,753,409.5,9.0,1.6270
2801,119,409.5,9.0,-0.2832
2802,434,409.5,9.0,-0.0531
2803,246,409.5,9.0,-2.7793
2804,129,409.5,9.0,1.6133
2805,389,409.5,9.0,0.9839
2806,60,409.5,9.0,5.4375
2807,332,409.5,9.0,2.5098
2808,208,409.5,9.0,2.3867
2809,417,409.5,9.0,0.8403
2810,364,409.5,9.0,-0.9097
2811,184,409.5,9.0,-0.9468
2812,364,409.5,9.0,1.5479
2813,367,409.5,9.0,-1.4902
2814,186,409.5,9.0,-1.0400
2815,227,409.5,9.0,2.0449
2816,376,409.5,9.0,-1.5654
2817,649,409.5,9.0,-2.9414
2818,496,409.5,9.0,-2.2070
2819,141,409.5,9.0,1.5967
2820,331,409.5,9.0,2.4160
2821,334,409.5,9.0,0.7949
2822,187,409.5,9.0,0.8813
2823,308,409.5,9.0,1.3330
2824,416,409.5,9.0,-2.2148
2825,333,409.5,9.0,1.4189
2826,1072,409.5,9.0,-3.6406
2827,208,409.5,9.0,1.6113
2828,373,409.5,9.0,0.2151
2829,571,409.5,9.0,-3.4121
2830,116,409.5,9.0,3.4609
2831,484,409.5,9.0,-0.1345
2832,396,409.5,9.0,-0.3765
2833,322,409.5,9.0,-1.2617
2834,295,409.5,9.0,3.9766
2835,285,409.5,9.0,1.1348
2836,362,409.5,9.0,-0.4807
2837,180,409.5,9.0,-1.7891
2838,360,409.5,9.0,1.0166
2839,150,409.5,9.0,5.6836
2840,275,409.5,9.0,-1.4697
2841,379,409.5,9.0,1.5723
2842,64,409.5,9.0,6.7656
2843,26,409.5,9.0,7.7773
2844,955,1228.5,8.0,-6.0117
2845,325,409.5,9.0,-1.7959
2846,387,409.5,9.0,1.1680
2847,794,409.5,9.0,-3.4160
2848,484,409.5,9.0,-2.6289
2849,26,409.5,9.0,8.0156
2850,281,409.5,9.0,1.3379
2851,217,409.5,9.0,0.9829
2852,312,409.5,9.0,-0.0878
2853,126,409.5,9.0,2.6934
2854,249,409.5,9.0,1.2646
2855,750,409.5,9.0,-3.0449
2856,257,409.5,9.0,0.3193
2857,403,409.5,9.0,-0.0510
2858,656,409.5,9.0,-3.1348
2859,393,409.5,9.0,2.1504
2860,460,409.5,9.0,-2.8984
2861,321,409.5,9.0,1.1309
2862,264,409.5,9.0,-0.1746
2863,311,409.5,9.0,1.3760
2864,418,1228.5,8.0,-1.3564
2865,493,409.5,9.0,-2.0254
2866,389,409.5,9.0,0.7148
2867,571,409.5,9.0,-3.6309
2868,608,409.5,9.0,-1.8379
2869,249,409.5,9.0,0.2622
2870,352,409.5,9.0,0.7271
2871,562,409.5,9.0,1.3359
2872,969,409.5,9.0,-4.8359
2873,441,409.5,9.0,-3.2441
2874,721,409.5,9.0,0.5615
2875,115,409.5,9.0,2.0742
2876,275,409.5,9.0,0.0792
2877,906,409.5,9.0,0.7173
2878,187,409.5,9.0,1.0645
2879,525,409.5,9.0,-0.8032
2880,207,409.5,9.0,-0.8218
2881,616,409.5,9.0,0.0820
2882,605,409.5,9.0,0.4207
2883,500,409.5,9.0,-2.2578
2884,404,409.5,9.0,-0.5459
2885,524,409.5,9.0,1.2510
2886,44,409.5,9.0,-0.2700
2887,311,409.5,9.0,0.8389
2888,212,409.5,9.0,-0.1239
2889,546,409.5,9.0,-1.5459
2890,252,409.5,9.0,1.6445
2891,236,409.5,9.0,0.0715
2892,438,409.5,9.0,-2.5059
2893,54,409.5,9.0,2.4512
2894,516,409.5,9.0,-4.0781
2895,426,409.5,9.0,-1.7549
2896,729,409.5,9.0,-0.8916
2897,427,409.5,9.0,2.6094
2898,154,409.5,9.0,1.1406
2899,968,1228.5,8.0,-5.2852
2900,808,409.5,9.0,-3.8027
2901,502,409.5,9.0,-2.5312
2902,795,409.5,9.0,0.0917
2903,33,409.5,9.0,5.6875
2904,195,409.5,9.0,1.9541
2905,252,1228.5,8.0,-1.0664
2906,454,409.5,9.0,-0.5024
2907,152,409.5,9.0,3.9258
2908,601,409.5,9.0,-3.5195
2909,169,409.5,9.0,3.0977
2910,547,409.5,9.0,-2.9199
2911,183,409.5,9.0,1.1367
2912,20,409.5,9.0,1.3193
2913,341,409.5,9.0,1.4326
2914,304,409.5,9.0,2.2578
2915,463,409.5,9.0,-3.6523
2916,276,409.5,9.0,0.8984
2917,502,409.5,9.0,0.1008
2918,527,409.5,9.0,-2.9609
2919,101,409.5,9.0,4.2344
2920,1689,1228.5,8.0,-5.8359
2921,230,409.5,9.0,0.6724
2922,136,409.5,9.0,-2.2812
2923,268,409.5,9.0,0.3325
2924,354,409.5,9.0,1.0205
2925,229,409.5,9.0,1.7354
2926,383,409.5,9.0,-0.3911
2927,35,409.5,9.0,7.1172
2928,9,409.5,9.0,1.4355
2929,397,409.5,9.0,-2.9277
2930,456,409.5,9.0,-2.7324
2931,521,409.5,9.0,-2.1777
2932,157,409.5,9.0,1.2891
2933,507,409.5,9.0,1.9346
2934,172,409.5,9.0,-3.9434
2935,256,409.5,9.0,-1.0781
2936,479,409.5,9.0,-2.6855
2937,832,1228.5,8.0,-5.2773
2938,19,409.5,9.0,-0.4324
2939,293,409.5,9.0,0.6006
2940,546,409.5,9.0,0.5601
2941,193,409.5,9.0,1.8369
2942,1024,1228.5,8.0,-4.2812
2943,1008,409.5,9.0,0.0138
2944,32,409.5,9.0,7.0898
2945,394,409.5,9.0,0.7988
2946,22,409.5,9.0,7.3320
2947,188,409.5,9.0,1.7305
2948,428,409.5,9.0,-0.8691
2949,1597,1228.5,8.0,-5.4648
2950,295,409.5,9.0,1.4834
2951,149,409.5,9.0,0.4033
2952,743,409.5,9.0,-2.9688
2953,466,1228.5,8.0,-5.7930
2954,459,409.5,9.0,1.3809
2955,325,409.5,9.0,-0.1575
2956,4,409.5,9.0,3.3066
2957,30,409.5,9.0,0.2118
2958,347,409.5,9.0,-0.4944
2959,13,409.5,9.0,1.9082
2960,197,409.5,9.0,0.2812
2961,1293,409.5,9.0,-0.2864
2962,429,409.5,9.0,-1.0264
2963,781,409.5,9.0,0.7305
2964,512,409.5,9.0,-2.8496
2965,515,409.5,9.0,-0.0240
2966,668,409.5,9.0,-0.7822
2967,87,409.5,9.0,4.6641
2968,529,409.5,9.0,-1.0693
2969,642,409.5,9.0,-3.0254
2970,741,409.5,9.0,-0.4094
2971,450,409.5,9.0,-2.1914
2972,172,409.5,9.0,2.8848
2973,462,409.5,9.0,0.6318
2974,234,409.5,9.0,1.7578
2975,402,409.5,9.0,0.4702
2976,225,409.5,9.0,2.3105
2977,560,409.5,9.0,-2.1504
2978,957,1228.5,8.0,-5.5430
2979,1084,409.5,9.0,-1.3193
2980,1244,409.5,9.0,-2.8828
2981,153,409.5,9.0,2.6699
2982,465,409.5,9.0,-4.2695
2983,566,409.5,9.0,-2.6172
2984,927,409.5,9.0,-2.5840
2985,220,409.5,9.0,3.1289
2986,450,409.5,9.0,-0.7300
2987,250,409.5,9.0,0.6050
2988,498,409.5,9.0,-0.2427
2989,617,409.5,9.0,0.7246
2990,216,409.5,9.0,-0.0498
2991,36,409.5,9.0,1.0137
2992,563,409.5,9.0,-4.1914
2993,474,409.5,9.0,1.5674
2994,230,409.5,9.0,1.5205
2995,61,409.5,9.0,4.9570
2996,306,409.5,9.0,-1.3057
2997,221,409.5,9.0,2.0840
2998,180,409.5,9.0,6.4023
2999,329,409.5,9.0,0.2961
3000,445,409.5,9.0,-1.4434
3001,292,409.5,9.0,-3.1523
3002,761,409.5,9.0,-4.8008
3003,1104,409.5,9.0,-1.4736
3004,511,409.5,9.0,-2.1348
3005,127,409.5,9.0,5.2969
3006,217,409.5,9.0,-1.6025
3007,323,409.5,9.0,2.1211
3008,259,409.5,9.0,2.1836
3009,99,409.5,9.0,3.0859
3010,79,409.5,9.0,4.9727
3011,614,409.5,9.0,-4.8711
3012,310,409.5,9.0,1.7354
3013,198,409.5,9.0,0.1021
3014,649,409.5,9.0,0.4302
3015,844,409.5,9.0,-1.1855
3016,400,409.5,9.0,1.4434
3017,284,409.5,9.0,-1.4287
3018,671,409.5,9.0,-1.3379
3019,350,409.5,9.0,1.7285
3020,33,409.5,9.0,5.6445
3021,175,409.5,9.0,3.1035
3022,269,409.5,9.0,0.2842
3023,357,409.5,9.0,-0.2976
3024,255,409.5,9.0,1.6074
3025,678,409.5,9.0,-0.1044
3026,382,409.5,9.0,0.1749
3027,462,409.5,9.0,0.9814
3028,622,409.5,9.0,-1.6211
3029,512,409.5,9.0,1.0459
3030,253,409.5,9.0,0.3181
3031,244,409.5,9.0,1.3418
3032,838,409.5,9.0,-1.7881
3033,424,409.5,9.0,1.8223
3034,455,409.5,9.0,-2.3848
3035,74,409.5,9.0,4.4180
3036,651,409.5,9.0,-2.6230
3037,212,409.5,9.0,4.5859
3038,480,409.5,9.0,-0.4893
3039,436,409.5,9.0,3.8730
3040,759,409.5,9.0,-0.9653
3041,42,409.5,9.0,3.0469
3042,558,409.5,9.0,0.3894
3043,767,1228.5,8.0,-3.9043
3044,380,409.5,9.0,0.2214
3045,410,409.5,9.0,0.7983
3046,117,409.5,9.0,1.9346
3047,667,409.5,9.0,-0.6255
3048,379,409.5,9.0,-0.0991
3049,55,409.5,9.0,2.5078
3050,139,409.5,9.0,4.8516
3051,319,409.5,9.0,0.8813
3052,482,1228.5,8.0,-1.7334
3053,237,409.5,9.0,1.7832
3054,281,409.5,9.0,2.3027
3055,412,409.5,9.0,-0.0215
3056,402,409.5,9.0,-0.9775
3057,458,1228.5,8.0,-2.0449
3058,840,409.5,9.0,-2.4102
3059,25,409.5,9.0,8.0781
3060,620,409.5,9.0,-1.9863
3061,394,409.5,9.0,2.6699
3062,1286,409.5,9.0,1.4902
3063,74,409.5,9.0,3.0625
3064,191,409.5,9.0,1.2686
3065,489,409.5,9.0,-2.0059
3066,616,409.5,9.0,-2.7988
3067,538,409.5,9.0,-4.1992
3068,2166,1228.5,8.0,-6.6719
3069,608,409.5,9.0,-3.4375
3070,411,409.5,9.0,1.7041
3071,703,409.5,9.0,-3.6680
3072,195,409.5,9.0,1.3086
3073,105,409.5,9.0,2.5137
3074,275,409.5,9.0,2.6133
3075,955,409.5,9.0,-0.9790
3076,17,409.5,9.0,7.1172
3077,949,409.5,9.0,-3.1367
3078,447,409.5,9.0,-0.1008
3079,394,409.5,9.0,-0.8330
3080,27,409.5,9.0,2.5840
3081,109,409.5,9.0,4.1133
3082,432,409.5,9.0,-2.9082
3083,133,409.5,9.0,4.0234
3084,690,409.5,9.0,-2.6602
3085,80,409.5,9.0,2.7715
3086,321,409.5,9.0,-0.2998
3087,165,409.5,9.0,2.4707
3088,21,409.5,9.0,4.4219
3089,644,409.5,9.0,-1.6426
3090,669,409.5,9.0,-1.9414
3091,625,409.5,9.0,-2.6426
3092,357,409.5,9.0,-0.0514
3093,263,409.5,9.0,1.5977
3094,572,409.5,9.0,-1.8389
3095,437,409.5,9.0,-0.4661
3096,403,409.5,9.0,-1.0498
3097,256,409.5,9.0,2.1270
3098,329,409.5,9.0,1.7930
3099,4,409.5,9.0,-0.4204
3100,838,409.5,9.0,-1.8604
3101,310,409.5,9.0,0.3254
3102,345,409.5,9.0,0.0673
3103,300,409.5,9.0,0.5962
3104,860,409.5,9.0,-4.0508
3105,391,1228.5,8.0,-1.0693
3106,487,1228.5,8.0,-3.5332
3107,558,409.5,9.0,-2.8145
3108,225,409.5,9.0,3.5742
3109,381,409.5,9.0,0.3647
3110,498,409.5,9.0,0.7827
3111,265,409.5,9.0,-0.3896
3112,276,409.5,9.0,-1.3398
3113,318,409.5,9.0,-2.6035
3114,164,409.5,9.0,0.7617
3115,481,409.5,9.0,-2.9258
3116,959,1228.5,8.0,-3.4258
3117,604,409.5,9.0,-0.6074
3118,228,409.5,9.0,-1.6299
3119,535,409.5,9.0,-3.0000
3120,837,1228.5,8.0,-5.1250
3121,175,409.5,9.0,2.5215
3122,641,409.5,9.0,-3.5078
3123,262,409.5,9.0,-1.3721
3124,281,409.5,9.0,1.4824
3125,637,409.5,9.0,-3.3672
3126,139,409.5,9.0,0.9268
3127,176,409.5,9.0,2.5977
3128,445,409.5,9.0,-3.5312
3129,604,409.5,9.0,0.1132
3130,42,409.5,9.0,-0.5918
3131,704,409.5,9.0,-3.4746
3132,88,409.5,9.0,1.9805
3133,557,409.5,9.0,-0.7808
3134,261,409.5,9.0,0.9570
3135,377,409.5,9.0,-0.4910
3136,270,409.5,9.0,1.1035
3137,232,409.5,9.0,-3.6016
3138,636,409.5,9.0,-1.3047
3139,317,409.5,9.0,0.2791
3140,298,409.5,9.0,2.5957
3141,324,409.5,9.0,0.3135
3142,749,409.5,9.0,-1.2910
3143,288,409.5,9.0,3.5332
3144,703,409.5,9.0,-3.8398
3145,233,409.5,9.0,2.2480
3146,441,409.5,9.0,-0.3047
3147,528,409.5,9.0,-2.4902
3148,495,409.5,9.0,2.0703
3149,460,409.5,9.0,-1.6270
3150,415,409.5,9.0,2.1172
3151,259,409.5,9.0,0.5342
3152,603,409.5,9.0,-2.0840
3153,42,409.5,9.0,6.7930
3154,347,409.5,9.0,0.9634
3155,510,1228.5,8.0,-2.7734
3156,458,409.5,9.0,-1.2578
3157,579,409.5,9.0,-3.8730
3158,378,409.5,9.0,0.5654
3159,300,409.5,9.0,0.0905
3160,532,409.5,9.0,-2.8262
3161,328,409.5,9.0,-0.7339
3162,603,409.5,9.0,-2.2246
3163,102,409.5,9.0,3.1055
3164,296,409.5,9.0,2.0156
3165,227,409.5,9.0,-0.3887
3166,779,409.5,9.0,-4.2930
3167,294,409.5,9.0,-0.0303
3168,121,409.5,9.0,2.6758
3169,388,409.5,9.0,1.3340
3170,113,409.5,9.0,2.1797
3171,433,409.5,9.0,-3.8379
3172,629,409.5,9.0,1.5703
3173,285,409.5,9.0,-0.9722
3174,319,409.5,9.0,0.5469
3175,61,409.5,9.0,6.9766
3176,410,409.5,9.0,-0.6489
3177,174,409.5,9.0,1.7295
3178,479,409.5,9.0,-0.0788
3179,549,409.5,9.0,-2.2363
3180,371,409.5,9.0,1.5986
3181,63,409.5,9.0,3.3984
3182,222,409.5,9.0,1.5742
3183,566,409.5,9.0,-3.7344
3184,645,1228.5,8.0,-1.4385
3185,496,409.5,9.0,1.9609
3186,275,409.5,9.0,-0.9097
3187,936,1228.5,8.0,-3.1934
3188,275,409.5,9.0,3.4570
3189,550,409.5,9.0,-1.5918
3190,672,409.5,9.0,-2.4453
3191,574,409.5,9.0,-3.7129
3192,174,409.5,9.0,1.8398
3193,367,409.5,9.0,-2.6387
3194,683,409.5,9.0,1.3633
3195,450,409.5,9.0,2.1934
3196,326,409.5,9.0,2.2832
3197,395,409.5,9.0,1.5420
3198,659,1228.5,8.0,-2.6582
3199,269,409.5,9.0,-2.6855
3200,647,409.5,9.0,-3.3105
3201,283,409.5,9.0,1.9893
3202,234,409.5,9.0,1.3525
3203,510,409.5,9.0,-0.9941
3204,627,409.5,9.0,0.9204
3205,592,409.5,9.0,-2.4727
3206,406,409.5,9.0,-0.5913
3207,499,1228.5,8.0,-5.0547
3208,340,409.5,9.0,-0.1132
3209,99,409.5,9.0,5.2227
3210,113,409.5,9.0,2.9883
3211,357,409.5,9.0,1.2246
3212,765,409.5,9.0,-2.6133
3213,425,409.5,9.0,-1.3311
3214,513,409.5,9.0,-2.7305
3215,796,409.5,9.0,-2.6309
3216,343,409.5,9.0,-2.1934
3217,587,409.5,9.0,-0.3420
3218,613,409.5,9.0,-2.4316
3219,479,409.5,9.0,-3.6406
3220,268,409.5,9.0,1.6338
3221,384,409.5,9.0,-2.2871
3222,2476,409.5,9.0,-4.4180
3223,367,409.5,9.0,2.7402
3224,1135,409.5,9.0,-3.2422
3225,351,409.5,9.0,1.6338
3226,252,409.5,9.0,3.0508
3227,299,409.5,9.0,-1.9619
3228,107,409.5,9.0,1.1338
3229,363,409.5,9.0,3.4277
3230,29,409.5,9.0,6.1211
3231,433,1228.5,8.0,-1.3164
3232,589,409.5,9.0,-1.5205
3233,217,409.5,9.0,1.9180
3234,26,409.5,9.0,6.5781
3235,276,409.5,9.0,1.1045
3236,680,409.5,9.0,-2.6074
3237,1079,1228.5,8.0,-4.3086
3238,491,1228.5,8.0,-5.0938
3239,235,409.5,9.0,1.0352
3240,262,409.5,9.0,-1.1064
3241,331,409.5,9.0,1.1260
3242,617,409.5,9.0,0.2076
3243,310,409.5,9.0,1.6562
3244,337,409.5,9.0,-1.6348
3245,397,409.5,9.0,-1.3564
3246,244,409.5,9.0,1.3877
3247,352,409.5,9.0,-0.2317
3248,487,409.5,9.0,-3.2188
3249,468,409.5,9.0,-3.0938
3250,597,409.5,9.0,4.0820
3251,992,409.5,9.0,0.6460
3252,1035,409.5,9.0,-0.1693
3253,219,409.5,9.0,2.3281
3254,293,409.5,9.0,-1.8555
3255,517,409.5,9.0,1.0010
3256,315,409.5,9.0,0.3623
3257,471,409.5,9.0,3.1934
3258,26,409.5,9.0,8.0781
3259,323,409.5,9.0,0.4583
3260,364,409.5,9.0,-1.2910
3261,490,409.5,9.0,1.1787
3262,263,409.5,9.0,1.0459
3263,594,409.5,9.0,0.8691
3264,591,409.5,9.0,-3.2344
3265,559,409.5,9.0,-3.3125
3266,551,409.5,9.0,1.7627
3267,253,409.5,9.0,3.2031
3268,556,409.5,9.0,-1.0508
3269,771,409.5,9.0,-0.5879
3270,208,409.5,9.0,0.9448
3271,382,409.5,9.0,0.7065
3272,516,409.5,9.0,-1.9912
3273,237,409.5,9.0,2.5430
3274,528,409.5,9.0,-4.3008
3275,696,409.5,9.0,-3.0195
3276,287,409.5,9.0,1.9922
3277,214,409.5,9.0,3.2051
3278,194,409.5,9.0,1.9072
3279,18,409.5,9.0,2.8398
3280,289,409.5,9.0,1.5820
3281,253,409.5,9.0,2.8223
3282,784,1228.5,8.0,-6.1523
3283,339,409.5,9.0,0.2163
3284,265,409.5,9.0,1.9180
3285,520,409.5,9.0,-0.4875
3286,86,409.5,9.0,1.4629
3287,247,409.5,9.0,-0.3662
3288,264,409.5,9.0,2.2617
3289,393,409.5,9.0,1.9834
3290,22,409.5,9.0,-0.8828
3291,323,409.5,9.0,0.5239
3292,683,409.5,9.0,-3.7246
3293,373,409.5,9.0,-1.1055
3294,426,409.5,9.0,-2.1914
3295,564,409.5,9.0,0.4719
3296,369,409.5,9.0,0.7310
3297,635,409.5,9.0,-3.5527
3298,355,409.5,9.0,-0.0772
3299,386,409.5,9.0,-0.5322
3300,546,409.5,9.0,-0.1523
3301,528,409.5,9.0,-0.6406
3302,245,409.5,9.0,1.9121
3303,543,409.5,9.0,-1.2383
3304,295,409.5,9.0,1.0947
3305,37,409.5,9.0,2.0625
3306,406,409.5,9.0,-0.5972
3307,540,409.5,9.0,-2.2930
3308,533,409.5,9.0,-2.3750
3309,363,409.5,9.0,1.9229
3310,382,409.5,9.0,1.7734
3311,345,409.5,9.0,0.6689
3312,839,409.5,9.0,-1.8613
3313,334,409.5,9.0,1.0469
3314,108,1228.5,8.0,1.9580
3315,201,409.5,9.0,2.1738
3316,266,409.5,9.0,2.6641
3317,26,409.5,9.0,8.0781
3318,755,1228.5,8.0,-5.4727
3319,330,409.5,9.0,1.1348
3320,546,409.5,9.0,-0.8564
3321,492,409.5,9.0,-2.6094
3322,575,409.5,9.0,-1.2012
3323,264,409.5,9.0,0.8179
3324,565,409.5,9.0,-2.2383
3325,316,409.5,9.0,-0.3872
3326,786,409.5,9.0,-2.2168
3327,309,409.5,9.0,0.1157
3328,577,409.5,9.0,-3.1934
3329,522,409.5,9.0,-2.8516
3330,1056,409.5,9.0,-3.8828
3331,364,409.5,9.0,0.7217
3332,356,409.5,9.0,1.6641
3333,294,409.5,9.0,1.2217
3334,4,409.5,9.0,7.6094
3335,945,409.5,9.0,-1.5869
3336,366,409.5,9.0,0.0181
3337,48,409.5,9.0,4.6562
3338,4,409.5,9.0,1.2031
3339,663,409.5,9.0,2.1543
3340,756,409.5,9.0,0.7871
3341,802,409.5,9.0,-1.3379
3342,809,1228.5,8.0,-3.7949
3343,422,409.5,9.0,-1.3486
3344,307,409.5,9.0,1.7139
3345,420,409.5,9.0,-2.2578
3346,9,409.5,9.0,7.8242
3347,170,409.5,9.0,3.3848
3348,598,409.5,9.0,-2.8027
3349,467,1228.5,8.0,-2.0898
3350,649,409.5,9.0,1.6934
3351,292,409.5,9.0,0.8789
3352,684,409.5,9.0,-0.2803
3353,813,409.5,9.0,1.7148
3354,201,409.5,9.0,2.5371
3355,95,409.5,9.0,1.0938
3356,682,409.5,9.0,-0.8535
3357,761,409.5,9.0,-2.7695
3358,254,409.5,9.0,0.4219
3359,332,409.5,9.0,0.6187
3360,354,409.5,9.0,-1.5645
3361,168,409.5,9.0,2.8027
3362,338,409.5,9.0,0.1575
3363,523,409.5,9.0,0.1692
3364,710,409.5,9.0,-2.4902
3365,202,409.5,9.0,2.7520
3366,245,409.5,9.0,4.9453
3367,764,409.5,9.0,-1.9531
3368,75,409.5,9.0,3.7676
3369,713,409.5,9.0,0.0615
3370,244,409.5,9.0,0.0646
3371,453,409.5,9.0,-3.8359
3372,281,409.5,9.0,1.1016
3373,530,1228.5,8.0,-3.7129
3374,738,409.5,9.0,-2.0430
3375,544,409.5,9.0,0.8530
3376,267,409.5,9.0,2.2090
3377,295,409.5,9.0,-0.1818
3378,1106,1228.5,8.0,-5.7617
3379,518,409.5,9.0,-3.0938
3380,318,409.5,9.0,0.0298
3381,334,409.5,9.0,0.7739
3382,222,409.5,9.0,-0.0740
3383,257,409.5,9.0,1.5439
3384,379,409.5,9.0,1.4336
3385,335,409.5,9.0,-1.2559
3386,507,409.5,9.0,-2.9297
3387,347,409.5,9.0,-1.0996
3388,408,409.5,9.0,-0.2029
3389,2942,409.5,9.0,4.8398
3390,516,409.5,9.0,-0.1525
3391,419,409.5,9.0,-2.4824
3392,312,409.5,9.0,0.7886
3393,145,409.5,9.0,-1.4883
3394,342,409.5,9.0,0.9497
3395,583,409.5,9.0,-3.1855
3396,120,409.5,9.0,2.6172
3397,518,409.5,9.0,-1.9668
3398,379,409.5,9.0,1.3281
3399,341,409.5,9.0,-0.1076
3400,411,409.5,9.0,0.1969
3401,535,409.5,9.0,-3.2129
3402,44,409.5,9.0,1.6250
3403,490,409.5,9.0,-1.2881
3404,545,409.5,9.0,0.7622
3405,715,409.5,9.0,-2.0781
3406,253,409.5,9.0,2.4727
3407,291,409.5,9.0,1.6064
3408,22,409.5,9.0,-0.1078
3409,518,409.5,9.0,-2.2988
3410,686,409.5,9.0,-2.1523
3411,256,409.5,9.0,0.2028
3412,210,409.5,9.0,0.3743
3413,147,409.5,9.0,0.0757
3414,145,409.5,9.0,1.9863
3415,655,1228.5,8.0,-4.8594
3416,558,409.5,9.0,-0.4937
3417,403,409.5,9.0,-2.9219
3418,32,409.5,9.0,7.1055
3419,549,409.5,9.0,-2.9492
3420,717,409.5,9.0,-0.7939
3421,96,409.5,9.0,1.1025
3422,353,409.5,9.0,-3.3105
3423,549,409.5,9.0,-1.6133
3424,852,409.5,9.0,-2.2051
3425,79,409.5,9.0,1.8428
3426,332,409.5,9.0,-1.7500
3427,397,409.5,9.0,-0.9072
3428,457,409.5,9.0,-1.2285
3429,320,409.5,9.0,2.0703
3430,36,409.5,9.0,-1.0303
3431,234,409.5,9.0,3.7305
3432,265,409.5,9.0,3.4297
3433,624,409.5,9.0,-2.0605
3434,299,409.5,9.0,2.1211
3435,278,409.5,9.0,0.8481
3436,57,409.5,9.0,4.6680
3437,674,409.5,9.0,-4.0312
3438,26,409.5,9.0,8.0156
3439,800,409.5,9.0,-2.9121
3440,680,409.5,9.0,-4.0430
3441,599,409.5,9.0,-1.4717
3442,259,409.5,9.0,1.3916
3443,949,1228.5,8.0,-4.8398
3444,394,409.5,9.0,0.2983
3445,866,1228.5,8.0,-4.8320
3446,41,409.5,9.0,6.6914
3447,635,1228.5,8.0,-3.2051
3448,813,409.5,9.0,-4.2031
3449,765,409.5,9.0,-1.7432
3450,376,409.5,9.0,2.9551
3451,221,409.5,9.0,-1.3027
3452,269,409.5,9.0,2.5664
3453,299,409.5,9.0,0.8882
3454,449,409.5,9.0,-0.4717
3455,173,409.5,9.0,1.5977
3456,500,409.5,9.0,-0.7319
3457,339,409.5,9.0,2.4043
3458,55,409.5,9.0,-1.1982
3459,374,409.5,9.0,-0.2360
3460,210,409.5,9.0,1.3701
3461,1035,1228.5,8.0,-3.6387
3462,536,409.5,9.0,-1.9482
3463,866,409.5,9.0,-4.1016
3464,887,1228.5,8.0,-4.4062
3465,303,409.5,9.0,-0.3276
3466,197,409.5,9.0,1.1992
3467,1474,409.5,9.0,-2.8730
3468,381,409.5,9.0,-2.2070
3469,68,409.5,9.0,-2.0293
3470,577,409.5,9.0,1.2939
3471,4,409.5,9.0,6.0391
3472,1165,409.5,9.0,-1.2256
3473,853,1228.5,8.0,-4.6055
3474,261,409.5,9.0,0.0775
3475,720,409.5,9.0,-1.4043
3476,754,1228.5,8.0,-2.9688
3477,954,409.5,9.0,-3.4453
3478,252,409.5,9.0,1.9463
3479,5,409.5,9.0,-1.3057
3480,512,409.5,9.0,-2.8965
3481,288,409.5,9.0,1.0693
3482,1220,1228.5,8.0,-1.7773
3483,796,409.5,9.0,-0.4419
3484,281,409.5,9.0,0.7324
3485,140,409.5,9.0,5.1328
3486,750,409.5,9.0,-0.1393
3487,478,409.5,9.0,-4.4258
3488,604,409.5,9.0,-3.1387
3489,1094,1228.5,8.0,-2.3906
3490,469,409.5,9.0,-1.5264
3491,218,409.5,9.0,3.5879
3492,238,409.5,9.0,-0.0130
3493,362,409.5,9.0,-2.4688
3494,388,409.5,9.0,0.9604
3495,411,409.5,9.0,1.0156
3496,326,409.5,9.0,-3.6270
3497,274,409.5,9.0,-0.8340
3498,697,1228.5,8.0,-2.6895
3499,679,409.5,9.0,-1.0039
3500,435,409.5,9.0,0.7007
3501,321,409.5,9.0,-0.2151
3502,390,409.5,9.0,0.0989
3503,467,409.5,9.0,-0.7588
3504,371,409.5,9.0,1.0830
3505,361,409.5,9.0,0.7524
3506,403,409.5,9.0,1.5605
3507,500,409.5,9.0,-4.1562
3508,976,409.5,9.0,-1.4492
3509,467,409.5,9.0,1.3604
3510,541,409.5,9.0,-0.5479
3511,407,409.5,9.0,0.8740
3512,464,409.5,9.0,-3.6016
3513,584,409.5,9.0,2.1191
3514,146,409.5,9.0,2.6211
3515,579,409.5,9.0,-1.1406
3516,246,409.5,9.0,1.9707
3517,277,409.5,9.0,0.1387
3518,204,409.5,9.0,3.6191
3519,717,409.5,9.0,-1.6035
3520,50,409.5,9.0,-2.1816
3521,874,409.5,9.0,0.4080
3522,68,409.5,9.0,4.1445
3523,448,409.5,9.0,-0.8159
3524,321,409.5,9.0,0.8906
3525,303,1228.5,8.0,-3.2246
3526,149,409.5,9.0,5.9922
3527,394,409.5,9.0,-2.5117
3528,415,409.5,9.0,-3.4414
3529,288,409.5,9.0,-0.1338
3530,554,1228.5,8.0,-4.2070
3531,208,409.5,9.0,1.7480
3532,532,409.5,9.0,-2.7676
3533,272,409.5,9.0,1.4844
3534,479,409.5,9.0,0.8750
3535,429,409.5,9.0,3.8809
3536,438,409.5,9.0,-2.4453
3537,146,409.5,9.0,-0.3911
3538,521,409.5,9.0,-0.3223
3539,400,409.5,9.0,0.6519
3540,249,409.5,9.0,-0.4177
3541,23,409.5,9.0,-0.4587
3542,244,409.5,9.0,1.0244
3543,1011,1228.5,8.0,-5.0820
3544,551,409.5,9.0,0.0375
3545,676,409.5,9.0,-4.7617
3546,9,409.5,9.0,7.0508
3547,888,409.5,9.0,-1.4775
3548,671,409.5,9.0,-1.9268
3549,580,409.5,9.0,-2.4512
3550,221,409.5,9.0,0.9600
3551,273,409.5,9.0,2.1250
3552,26,409.5,9.0,7.7773
3553,477,409.5,9.0,-1.5361
3554,361,409.5,9.0,-1.9912
3555,388,409.5,9.0,-0.5425
3556,382,409.5,9.0,2.2988
3557,300,409.5,9.0,2.7715
3558,365,409.5,9.0,1.4180
3559,353,409.5,9.0,-2.9082
3560,597,1228.5,8.0,-3.3184
3561,782,1228.5,8.0,-3.8262
3562,663,409.5,9.0,-3.5859
3563,787,409.5,9.0,-3.1738
3564,310,409.5,9.0,2.8281
3565,277,409.5,9.0,1.9814
3566,250,409.5,9.0,1.2061
3567,900,1228.5,8.0,-4.9805
3568,180,409.5,9.0,2.9688
3569,304,409.5,9.0,0.4746
3570,208,409.5,9.0,1.5596
3571,344,409.5,9.0,0.2026
3572,584,409.5,9.0,-0.4390
3573,367,409.5,9.0,-2.5137
3574,244,409.5,9.0,0.3655
3575,665,409.5,9.0,0.0133
3576,270,409.5,9.0,2.7656
3577,829,409.5,9.0,-2.9199
3578,434,409.5,9.0,0.5264
3579,1205,1228.5,8.0,-3.1484
3580,355,409.5,9.0,-1.6230
3581,627,409.5,9.0,-3.1855
3582,297,409.5,9.0,0.7734
3583,1213,409.5,9.0,-1.4248
3584,247,409.5,9.0,0.2209
3585,238,409.5,9.0,-0.5791
3586,411,409.5,9.0,0.1094
3587,153,409.5,9.0,3.7715
3588,908,409.5,9.0,-3.5312
3589,296,409.5,9.0,0.6245
3590,677,409.5,9.0,0.6909
3591,596,409.5,9.0,-0.3115
3592,366,409.5,9.0,-1.6719
3593,506,409.5,9.0,-1.5586
3594,236,409.5,9.0,2.3887
3595,554,1228.5,8.0,-2.8184
3596,634,409.5,9.0,3.2637
3597,334,409.5,9.0,-0.0900
3598,298,409.5,9.0,0.4270
3599,733,409.5,9.0,-4.1172
3600,537,409.5,9.0,-0.6631
3601,754,409.5,9.0,-1.4609
3602,875,409.5,9.0,-2.1309
3603,387,409.5,9.0,-0.9854
3604,426,409.5,9.0,1.3252
3605,304,409.5,9.0,1.4756
3606,261,409.5,9.0,3.1445
3607,531,409.5,9.0,-0.9087
3608,139,409.5,9.0,4.4844
3609,272,1228.5,8.0,-1.8486
3610,372,409.5,9.0,-0.4319
3611,542,409.5,9.0,-1.0264
3612,721,409.5,9.0,-3.4746
3613,77,409.5,9.0,2.2637
3614,807,409.5,9.0,1.6592
3615,757,409.5,9.0,-1.7695
3616,463,409.5,9.0,-1.7998
3617,755,409.5,9.0,0.6772
3618,549,409.5,9.0,0.7412
3619,309,409.5,9.0,0.3450
3620,410,409.5,9.0,1.5410
3621,353,409.5,9.0,1.2197
3622,414,409.5,9.0,0.7056
3623,772,409.5,9.0,-1.4121
3624,83,1228.5,8.0,-2.0137
3625,521,409.5,9.0,0.8765
3626,627,409.5,9.0,-1.2432
3627,461,409.5,9.0,-1.5762
3628,886,409.5,9.0,-2.2637
3629,794,409.5,9.0,-2.7656
3630,274,409.5,9.0,1.8232
3631,217,409.5,9.0,3.1543
3632,336,409.5,9.0,-0.6372
3633,105,409.5,9.0,0.5391
3634,522,409.5,9.0,0.2299
3635,325,409.5,9.0,-2.1934
3636,579,409.5,9.0,-2.7461
3637,201,409.5,9.0,1.4482
3638,117,409.5,9.0,2.0840
3639,730,409.5,9.0,-3.1953
3640,455,409.5,9.0,-1.9072
3641,431,409.5,9.0,-1.1250
3642,587,409.5,9.0,-2.1484
3643,372,1228.5,8.0,-2.3262
3644,321,409.5,9.0,-0.5312
3645,643,409.5,9.0,-1.9766
3646,712,409.5,9.0,-2.1777
3647,263,409.5,9.0,0.4368
3648,277,409.5,9.0,1.0957
3649,434,409.5,9.0,1.2773
3650,508,409.5,9.0,-0.0757
3651,166,409.5,9.0,2.2695
3652,565,409.5,9.0,3.8809
3653,556,409.5,9.0,-2.1230
3654,236,409.5,9.0,-0.7871
3655,293,409.5,9.0,3.0547
3656,316,409.5,9.0,0.8638
3657,194,409.5,9.0,1.7979
3658,24,409.5,9.0,7.2930
3659,524,409.5,9.0,-2.6328
3660,258,409.5,9.0,1.3799
3661,259,409.5,9.0,1.1094
3662,54,409.5,9.0,7.8555
3663,406,409.5,9.0,1.2090
3664,359,409.5,9.0,0.6929
3665,548,409.5,9.0,1.6553
3666,370,409.5,9.0,-2.7090
3667,294,409.5,9.0,-0.1512
3668,776,409.5,9.0,-4.0117
3669,401,409.5,9.0,-0.5288
3670,537,409.5,9.0,-1.5713
3671,320,409.5,9.0,-1.7959
3672,517,409.5,9.0,-3.0957
3673,491,409.5,9.0,-0.1989
3674,307,409.5,9.0,-1.2295
3675,410,409.5,9.0,-2.4219
3676,641,409.5,9.0,-2.7246
3677,329,409.5,9.0,0.8784
3678,771,409.5,9.0,-1.7646
3679,265,409.5,9.0,1.6963
3680,547,409.5,9.0,-1.0225
3681,158,409.5,9.0,-0.2163
3682,800,409.5,9.0,-4.1055
3683,224,409.5,9.0,2.1426
3684,917,409.5,9.0,-0.5449
3685,957,409.5,9.0,-1.4238
3686,757,1228.5,8.0,-5.5234
3687,254,409.5,9.0,2.2891
3688,526,1228.5,8.0,-4.5781
3689,21,409.5,9.0,4.8789
3690,515,409.5,9.0,-0.8247
3691,476,409.5,9.0,0.6523
3692,502,409.5,9.0,0.5889
3693,156,409.5,9.0,2.0762
3694,604,409.5,9.0,-2.3965
3695,253,409.5,9.0,-1.6650
3696,196,409.5,9.0,4.7734
3697,280,409.5,9.0,-1.2422
3698,369,409.5,9.0,1.4414
3699,18,409.5,9.0,-1.6182
3700,305,409.5,9.0,-0.6499
3701,772,409.5,9.0,-4.0469
3702,588,409.5,9.0,4.5547
3703,59,409.5,9.0,6.0391
3704,462,409.5,9.0,-4.0234
3705,420,409.5,9.0,0.4141
3706,20,409.5,9.0,3.3457
3707,865,409.5,9.0,-2.2227
3708,42,409.5,9.0,-0.3345
3709,402,409.5,9.0,0.2377
3710,388,409.5,9.0,1.4385
3711,69,409.5,9.0,2.2422
3712,289,409.5,9.0,1.0176
3713,660,409.5,9.0,-2.0059
3714,471,409.5,9.0,-0.9888
3715,658,409.5,9.0,-2.0273
3716,239,409.5,9.0,1.1133
3717,839,409.5,9.0,1.0078
3718,286,409.5,9.0,0.6060
3719,318,409.5,9.0,1.7754
3720,570,409.5,9.0,-3.0000
3721,424,409.5,9.0,2.4727
3722,497,409.5,9.0,-2.2207
3723,515,409.5,9.0,-1.5303
3724,62,409.5,9.0,4.9844
3725,286,409.5,9.0,0.6729
3726,418,409.5,9.0,1.0947
3727,477,1228.5,8.0,-2.9824
3728,377,409.5,9.0,1.4697
3729,859,409.5,9.0,-4.7344
3730,660,1228.5,8.0,-3.2285
3731,320,409.5,9.0,-0.1781
3732,611,409.5,9.0,-1.6494
3733,357,409.5,9.0,-0.8896
3734,539,409.5,9.0,-2.9785
3735,288,409.5,9.0,1.7637
3736,780,409.5,9.0,-2.2559
3737,321,409.5,9.0,0.5112
3738,68,409.5,9.0,1.9980
3739,616,409.5,9.0,-2.8945
3740,411,409.5,9.0,0.9048
3741,555,409.5,9.0,2.5508
3742,319,409.5,9.0,-0.2507
3743,87,409.5,9.0,4.7539
3744,375,409.5,9.0,2.5840
3745,346,409.5,9.0,0.5576
3746,391,409.5,9.0,0.8198
3747,871,409.5,9.0,0.8394
3748,363,409.5,9.0,-0.8130
3749,1372,409.5,9.0,-4.3203
3750,506,409.5,9.0,1.7568
3751,629,409.5,9.0,-1.9727
3752,282,409.5,9.0,1.2949
3753,417,409.5,9.0,-0.2947
3754,16,409.5,9.0,1.7461
3755,635,409.5,9.0,-3.3691
3756,219,409.5,9.0,1.2344
3757,454,409.5,9.0,0.0054
3758,253,409.5,9.0,2.8965
3759,25,409.5,9.0,8.0781
3760,521,409.5,9.0,-2.6328
3761,959,409.5,9.0,-3.2617
3762,203,409.5,9.0,0.7441
3763,487,1228.5,8.0,-3.5938
3764,221,409.5,9.0,0.1015
3765,329,409.5,9.0,1.1826
3766,518,409.5,9.0,-1.8604
3767,308,409.5,9.0,-0.3044
3768,158,409.5,9.0,3.7754
3769,333,409.5,9.0,0.0136
3770,221,409.5,9.0,1.3311
3771,619,409.5,9.0,-4.2930
3772,372,409.5,9.0,2.9336
3773,619,409.5,9.0,-2.3262
3774,705,409.5,9.0,-2.6641
3775,640,409.5,9.0,-2.2441
3776,220,409.5,9.0,-0.1293
3777,185,409.5,9.0,1.7197
3778,315,409.5,9.0,3.2402
3779,634,409.5,9.0,-3.0117
3780,565,409.5,9.0,-3.9863
3781,292,409.5,9.0,-2.7988
3782,246,409.5,9.0,3.5293
3783,497,409.5,9.0,-3.0684
3784,669,1228.5,8.0,-3.9941
3785,594,409.5,9.0,-2.6836
3786,352,409.5,9.0,-2.1895
3787,267,409.5,9.0,0.4768
3788,36,409.5,9.0,0.9258
3789,286,409.5,9.0,-0.0529
3790,355,409.5,9.0,-1.7285
3791,637,409.5,9.0,1.3506
3792,200,409.5,9.0,-0.1561
3793,366,409.5,9.0,0.1058
3794,655,409.5,9.0,-4.7500
3795,75,409.5,9.0,5.7617
3796,691,409.5,9.0,-0.8618
3797,131,409.5,9.0,1.3828
3798,687,409.5,9.0,-0.8770
3799,264,409.5,9.0,1.2529
3800,825,409.5,9.0,-0.6387
3801,502,409.5,9.0,-2.6465
3802,765,409.5,9.0,-2.8711
3803,469,409.5,9.0,-0.1887
3804,514,409.5,9.0,1.7070
3805,572,409.5,9.0,-0.6387
3806,197,409.5,9.0,2.0840
3807,266,409.5,9.0,0.6323
3808,568,409.5,9.0,-3.8770
3809,264,409.5,9.0,1.5820
3810,52,409.5,9.0,5.6055
3811,332,409.5,9.0,-2.8516
3812,579,409.5,9.0,-3.7969
3813,41,409.5,9.0,6.2383
3814,650,409.5,9.0,0.3738
3815,503,409.5,9.0,0.9160
3816,539,409.5,9.0,-1.3457
3817,220,409.5,9.0,4.2266
3818,375,409.5,9.0,1.3975
3819,700,409.5,9.0,0.0296
3820,184,409.5,9.0,0.7930
3821,286,409.5,9.0,0.4727
3822,399,409.5,9.0,-0.8320
3823,341,409.5,9.0,-1.7910
3824,226,409.5,9.0,3.8105
3825,443,409.5,9.0,-2.6035
3826,347,409.5,9.0,0.7075
3827,170,409.5,9.0,2.2891
3828,411,409.5,9.0,-0.0450
3829,505,409.5,9.0,-1.2129
3830,29,409.5,9.0,3.5527
3831,316,409.5,9.0,1.0498
3832,178,409.5,9.0,1.3330
3833,561,409.5,9.0,1.4463
3834,988,1228.5,8.0,-6.1172
3835,317,409.5,9.0,-0.4780
3836,43,409.5,9.0,6.0078
3837,493,409.5,9.0,0.2944
3838,427,409.5,9.0,-0.3130
3839,374,409.5,9.0,1.2539
